1,1,"1/2/2008,22:36:42","1/8/2008,9:31:12","1/14/2008,15:24:05","1/16/2008,19:32:25"
2,2,"12/16/2005,0:52:51","12/22/2005,14:38:44","12/26/2005,9:26:57","12/31/2005,11:00:49"
3,3,"4/16/2016,4:25:09","4/19/2016,14:04:45","4/25/2016,12:22:30","4/28/2016,7:10:10"
4,4,"12/6/2012,21:41:20","12/12/2012,9:37:52","12/14/2012,10:52:09","12/20/2012,13:11:23"
5,5,"11/6/2016,20:29:37","11/11/2016,8:42:01","11/15/2016,9:31:32","11/17/2016,9:34:30"
6,6,"2/4/2007,15:47:10","2/7/2007,13:07:36","2/14/2007,15:49:25","2/15/2007,9:42:54"
7,7,"12/1/2016,10:55:30","12/4/2016,10:20:21","12/8/2016,9:26:09","12/14/2016,15:53:06"
8,8,"1/21/2004,0:37:43","1/27/2004,15:09:11","1/31/2004,14:52:07","2/1/2004,9:43:56"
9,9,"4/23/2013,5:12:58","4/27/2013,16:32:41","4/29/2013,16:43:37","5/5/2013,7:26:39"
10,10,"1/19/2004,16:47:55","1/26/2004,14:39:40","1/28/2004,11:04:03","2/4/2004,14:13:00"
11,11,"12/24/2001,19:46:24","12/30/2001,16:33:23","1/6/2002,8:52:45","1/13/2002,8:34:40"
12,12,"4/5/2018,21:33:18","4/12/2018,8:49:29","4/17/2018,12:38:23","4/24/2018,16:54:44"
13,13,"3/15/2010,11:25:54","3/18/2010,10:28:55","3/20/2010,14:31:36","3/26/2010,18:45:53"
14,14,"8/7/2006,21:05:46","8/14/2006,12:10:45","8/16/2006,8:56:49","8/18/2006,14:14:29"
15,15,"12/1/2012,7:51:56","12/8/2012,12:54:06","12/9/2012,16:54:48","12/13/2012,14:32:49"
16,16,"1/7/2009,1:56:25","1/8/2009,11:43:54","1/10/2009,11:00:46","1/13/2009,11:04:06"
17,17,"12/2/2006,23:30:51","12/6/2006,11:52:27","12/10/2006,13:53:48","12/16/2006,15:16:54"
18,18,"1/23/2011,15:51:20","1/29/2011,15:11:15","2/5/2011,15:46:22","2/12/2011,17:37:33"
19,19,"6/23/2001,5:16:08","6/30/2001,16:08:03","7/5/2001,16:21:11","7/9/2001,10:07:52"
20,20,"12/21/2008,10:12:37","12/25/2008,15:05:03","12/26/2008,13:06:25","1/1/2009,8:14:17"
21,21,"10/18/2009,22:03:43","10/19/2009,12:07:38","10/25/2009,10:02:07","10/26/2009,10:34:27"
22,22,"8/3/2014,16:16:34","8/10/2014,16:16:28","8/14/2014,14:58:23","8/17/2014,16:17:55"
23,23,"12/21/2004,23:17:20","12/27/2004,8:04:14","12/29/2004,12:33:48","12/31/2004,18:52:11"
24,24,"2/24/2006,16:47:36","2/27/2006,15:28:49","2/28/2006,13:23:26","3/5/2006,9:08:51"
25,25,"10/16/2010,2:50:40","10/20/2010,11:28:05","10/21/2010,11:23:02","10/23/2010,14:16:38"
26,26,"10/31/2011,5:43:34","11/2/2011,14:20:07","11/8/2011,8:12:40","11/9/2011,9:52:15"
27,27,"4/18/2009,23:34:54","4/25/2009,9:08:11","4/28/2009,15:37:46","5/4/2009,6:42:35"
28,28,"10/30/2004,22:27:33","11/6/2004,8:38:25","11/10/2004,11:30:19","11/14/2004,19:44:05"
29,29,"1/7/2006,9:34:34","1/11/2006,9:58:00","1/18/2006,16:43:25","1/21/2006,19:36:15"
30,30,"11/22/2009,11:10:24","11/23/2009,10:33:08","11/26/2009,11:56:09","12/2/2009,9:04:32"
31,31,"4/1/2003,22:13:37","4/6/2003,14:39:29","4/8/2003,15:06:55","4/12/2003,16:39:50"
32,32,"10/16/2018,1:50:44","10/19/2018,12:16:45","10/24/2018,13:41:57","10/31/2018,19:59:06"
33,33,"4/16/2006,14:46:47","4/18/2006,12:30:15","4/22/2006,15:54:48","4/23/2006,13:50:21"
34,34,"2/20/2003,14:43:45","2/26/2003,13:29:25","3/1/2003,13:24:09","3/5/2003,7:53:06"
35,35,"5/29/2018,23:25:55","5/30/2018,10:18:22","6/3/2018,14:29:08","6/6/2018,15:22:20"
36,36,"3/24/2003,13:48:15","3/30/2003,9:51:58","4/2/2003,10:17:04","4/3/2003,12:54:50"
37,37,"1/17/2006,20:40:34","1/19/2006,16:32:34","1/26/2006,16:52:00","1/30/2006,12:11:50"
38,38,"7/26/2016,17:50:06","7/28/2016,12:07:19","8/4/2016,11:18:35","8/5/2016,11:24:49"
39,39,"2/7/2007,2:45:50","2/10/2007,9:05:35","2/17/2007,11:13:54","2/20/2007,11:21:59"
40,40,"12/21/2010,10:14:55","12/23/2010,11:11:32","12/29/2010,12:12:04","1/4/2011,9:05:32"
41,41,"11/19/2011,2:52:17","11/23/2011,16:14:22","11/29/2011,14:05:57","12/6/2011,14:34:21"
42,42,"10/11/2008,8:22:34","10/15/2008,15:08:31","10/22/2008,10:20:32","10/28/2008,14:03:08"
43,43,"12/14/2006,7:46:13","12/16/2006,9:08:21","12/20/2006,13:20:44","12/25/2006,6:51:00"
44,44,"2/9/2007,7:44:50","2/16/2007,13:05:29","2/19/2007,11:49:30","2/26/2007,6:55:33"
45,45,"4/29/2001,14:51:31","5/4/2001,9:24:23","5/6/2001,15:18:05","5/10/2001,7:28:18"
46,46,"1/9/2010,0:18:21","1/11/2010,10:51:18","1/12/2010,9:38:41","1/19/2010,10:09:38"
47,47,"6/3/2002,3:15:02","6/6/2002,10:25:28","6/11/2002,8:10:05","6/15/2002,7:00:52"
48,48,"1/13/2014,9:23:45","1/14/2014,9:26:03","1/16/2014,15:23:23","1/23/2014,12:28:18"
49,49,"8/4/2009,18:12:09","8/7/2009,8:43:25","8/13/2009,9:11:49","8/20/2009,18:36:06"
50,50,"7/18/2011,22:13:19","7/19/2011,16:37:37","7/26/2011,14:36:15","7/27/2011,13:09:10"
51,51,"1/8/2010,13:05:53","1/15/2010,12:53:01","1/19/2010,16:53:07","1/23/2010,9:01:54"
52,52,"3/8/2012,1:18:27","3/12/2012,15:47:34","3/13/2012,15:29:22","3/14/2012,10:15:09"
53,53,"4/27/2017,7:54:34","4/28/2017,8:15:29","5/3/2017,16:23:08","5/6/2017,19:51:37"
54,54,"1/30/2018,8:46:55","2/3/2018,11:34:15","2/8/2018,15:22:48","2/15/2018,15:53:46"
55,55,"1/14/2003,12:43:31","1/16/2003,10:20:52","1/21/2003,9:00:16","1/24/2003,13:12:48"
56,56,"2/25/2010,14:52:27","3/2/2010,15:57:18","3/8/2010,16:47:32","3/13/2010,19:48:33"
57,57,"1/27/2004,6:45:13","2/3/2004,16:05:38","2/5/2004,8:19:29","2/6/2004,18:21:22"
58,58,"6/15/2006,12:23:19","6/20/2006,14:43:35","6/26/2006,15:30:35","6/27/2006,19:00:56"
59,59,"2/8/2018,7:58:04","2/9/2018,9:22:07","2/10/2018,12:43:21","2/17/2018,17:11:30"
60,60,"3/30/2008,18:13:42","4/6/2008,15:35:48","4/10/2008,12:10:32","4/15/2008,17:00:35"
61,61,"10/18/2013,5:56:48","10/25/2013,15:15:49","10/27/2013,15:21:05","11/1/2013,14:14:34"
62,62,"10/19/2014,6:11:26","10/22/2014,9:48:39","10/29/2014,9:18:56","11/1/2014,6:20:54"
63,63,"10/9/2007,13:55:49","10/14/2007,13:44:11","10/17/2007,8:20:58","10/24/2007,18:33:50"
64,64,"12/8/2002,1:38:21","12/15/2002,12:51:20","12/22/2002,10:57:02","12/25/2002,18:31:04"
65,65,"7/26/2002,7:57:19","7/31/2002,12:18:13","8/6/2002,13:01:55","8/13/2002,16:39:43"
66,66,"1/6/2004,17:01:31","1/8/2004,12:12:46","1/13/2004,15:14:54","1/15/2004,17:20:40"
67,67,"8/30/2015,14:15:30","9/1/2015,14:27:46","9/7/2015,16:13:14","9/14/2015,18:10:46"
68,68,"12/10/2013,11:11:30","12/14/2013,15:36:10","12/20/2013,10:07:48","12/22/2013,10:06:25"
69,69,"8/10/2002,12:21:00","8/17/2002,11:35:25","8/23/2002,15:31:42","8/26/2002,19:08:25"
70,70,"7/26/2013,5:05:09","8/1/2013,10:37:51","8/6/2013,12:15:31","8/13/2013,19:56:56"
71,71,"3/17/2009,15:21:34","3/24/2009,10:07:34","3/27/2009,16:55:40","3/30/2009,18:58:22"
72,72,"5/28/2013,3:45:00","6/4/2013,11:52:45","6/7/2013,9:18:20","6/12/2013,15:19:31"
73,73,"4/8/2005,9:39:14","4/12/2005,16:58:36","4/19/2005,16:15:53","4/25/2005,9:29:50"
74,74,"8/23/2012,21:03:55","8/28/2012,16:53:20","8/30/2012,10:01:41","9/5/2012,15:57:29"
75,75,"12/14/2017,23:21:36","12/17/2017,12:40:16","12/18/2017,10:54:32","12/24/2017,8:30:46"
76,76,"4/1/2015,0:30:09","4/7/2015,9:36:02","4/12/2015,15:45:24","4/14/2015,13:54:20"
77,77,"1/16/2008,18:48:27","1/20/2008,12:04:40","1/21/2008,8:19:59","1/27/2008,12:40:54"
78,78,"6/6/2007,11:23:53","6/12/2007,12:33:13","6/17/2007,14:07:24","6/23/2007,14:00:07"
79,79,"9/14/2008,20:42:31","9/20/2008,9:26:07","9/26/2008,12:09:24","9/29/2008,14:19:25"
80,80,"8/29/2004,0:08:07","9/2/2004,16:10:56","9/5/2004,14:13:39","9/8/2004,17:36:16"
81,81,"7/8/2009,17:07:26","7/9/2009,13:44:45","7/14/2009,12:00:49","7/18/2009,15:13:52"
82,82,"2/29/2016,10:55:06","3/3/2016,16:21:27","3/10/2016,10:26:49","3/15/2016,13:26:31"
83,83,"6/6/2001,17:25:56","6/7/2001,15:18:25","6/13/2001,12:38:03","6/15/2001,15:41:10"
84,84,"4/2/2014,20:57:56","4/5/2014,14:17:32","4/8/2014,12:02:20","4/15/2014,11:11:01"
85,85,"7/21/2017,20:47:38","7/24/2017,10:14:35","7/29/2017,12:59:40","8/2/2017,10:58:42"
86,86,"11/8/2015,17:50:18","11/15/2015,14:41:12","11/22/2015,10:37:11","11/28/2015,13:14:36"
87,87,"9/11/2002,8:27:50","9/17/2002,14:06:08","9/19/2002,10:04:33","9/24/2002,8:47:04"
88,88,"6/14/2002,9:50:14","6/17/2002,12:47:30","6/21/2002,12:38:41","6/26/2002,18:06:10"
89,89,"11/8/2010,11:23:01","11/12/2010,15:13:20","11/18/2010,13:12:49","11/25/2010,17:04:00"
90,90,"8/6/2001,9:10:50","8/8/2001,10:40:01","8/14/2001,13:36:13","8/18/2001,9:47:25"
91,91,"10/8/2015,22:50:59","10/15/2015,12:43:39","10/21/2015,13:57:15","10/25/2015,11:25:35"
92,92,"12/20/2013,17:58:26","12/24/2013,10:05:16","12/29/2013,11:11:48","1/5/2014,16:30:47"
93,93,"9/27/2004,18:23:42","9/29/2004,14:35:40","10/2/2004,16:06:33","10/5/2004,17:32:10"
94,94,"8/19/2009,3:28:34","8/26/2009,9:51:56","8/29/2009,11:19:02","9/5/2009,17:37:43"
95,95,"1/3/2009,18:17:35","1/10/2009,14:36:02","1/15/2009,12:35:25","1/20/2009,7:18:11"
96,96,"11/20/2009,17:58:25","11/21/2009,9:39:38","11/27/2009,9:37:26","12/2/2009,16:52:43"
97,97,"4/21/2007,12:15:36","4/22/2007,13:31:28","4/23/2007,14:14:01","4/30/2007,17:25:19"
98,98,"6/2/2001,6:49:36","6/4/2001,10:26:38","6/6/2001,15:16:51","6/7/2001,10:26:30"
99,99,"8/25/2006,11:25:25","8/29/2006,10:48:48","9/4/2006,8:37:24","9/8/2006,10:43:26"
100,100,"10/23/2015,15:36:59","10/30/2015,10:25:35","10/31/2015,12:09:15","11/1/2015,13:11:42"
101,101,"2/12/2016,15:49:32","2/16/2016,8:40:24","2/18/2016,8:26:24","2/23/2016,6:34:52"
102,102,"11/15/2009,2:39:22","11/16/2009,14:36:15","11/19/2009,14:14:51","11/23/2009,7:24:39"
103,103,"12/29/2009,1:12:31","1/2/2010,11:54:49","1/5/2010,10:36:23","1/9/2010,18:51:05"
104,104,"4/6/2008,10:40:17","4/11/2008,15:21:22","4/12/2008,8:59:31","4/17/2008,8:25:44"
105,105,"10/24/2016,11:35:47","10/26/2016,13:18:48","10/29/2016,11:48:54","11/5/2016,11:19:11"
106,106,"11/7/2006,22:06:32","11/11/2006,16:07:52","11/13/2006,10:38:00","11/16/2006,12:04:27"
107,107,"12/8/2001,2:18:25","12/12/2001,14:33:45","12/13/2001,16:19:45","12/20/2001,17:56:34"
108,108,"11/10/2017,19:36:48","11/17/2017,14:25:01","11/19/2017,9:51:13","11/26/2017,10:46:47"
109,109,"4/1/2016,17:23:02","4/8/2016,14:06:38","4/15/2016,12:01:01","4/19/2016,19:13:29"
110,110,"2/5/2015,6:14:20","2/12/2015,15:45:55","2/15/2015,12:17:54","2/17/2015,14:53:43"
111,111,"1/15/2006,21:23:34","1/19/2006,16:16:29","1/23/2006,13:45:28","1/28/2006,18:02:03"
112,112,"2/5/2005,9:01:25","2/8/2005,9:29:01","2/11/2005,15:40:13","2/18/2005,16:36:52"
113,113,"8/29/2004,16:27:24","9/4/2004,10:37:05","9/9/2004,11:03:15","9/10/2004,6:55:24"
114,114,"7/4/2004,13:38:31","7/10/2004,13:44:14","7/13/2004,10:56:34","7/15/2004,15:36:41"
115,115,"6/7/2017,23:00:23","6/13/2017,15:55:57","6/19/2017,9:16:16","6/26/2017,6:06:41"
116,116,"9/20/2009,13:41:08","9/25/2009,13:44:01","9/26/2009,13:38:56","9/28/2009,15:21:54"
117,117,"2/10/2001,12:03:19","2/16/2001,16:17:43","2/19/2001,9:46:02","2/26/2001,17:10:34"
118,118,"7/22/2002,17:03:19","7/27/2002,11:01:00","7/29/2002,13:47:09","7/31/2002,18:41:41"
119,119,"8/1/2004,10:49:25","8/2/2004,15:53:58","8/6/2004,14:49:23","8/10/2004,10:44:55"
120,120,"8/23/2005,21:01:03","8/26/2005,16:17:29","8/30/2005,9:02:30","9/2/2005,15:00:01"
121,121,"10/25/2016,17:28:59","10/29/2016,16:31:24","11/1/2016,16:07:21","11/3/2016,19:18:52"
122,122,"11/15/2004,3:06:53","11/17/2004,10:05:10","11/24/2004,10:35:34","11/28/2004,7:32:40"
123,123,"4/16/2003,10:44:43","4/19/2003,12:54:22","4/22/2003,11:42:36","4/26/2003,11:09:09"
124,124,"12/30/2009,16:57:33","1/5/2010,10:35:26","1/9/2010,11:50:04","1/16/2010,13:44:49"
125,125,"4/25/2017,18:05:25","4/29/2017,11:46:54","5/2/2017,12:01:16","5/4/2017,8:41:48"
126,126,"10/29/2018,4:40:54","11/3/2018,15:52:03","11/9/2018,9:20:19","11/14/2018,14:19:34"
127,127,"9/14/2015,9:00:28","9/20/2015,9:04:57","9/24/2015,15:44:45","9/25/2015,15:14:35"
128,128,"4/4/2013,12:19:51","4/8/2013,12:55:19","4/12/2013,9:21:56","4/13/2013,9:57:25"
129,129,"7/22/2014,18:03:41","7/25/2014,13:41:22","7/26/2014,11:33:17","7/27/2014,14:06:22"
130,130,"5/29/2015,5:33:29","6/2/2015,14:46:55","6/7/2015,15:34:38","6/10/2015,12:54:15"
131,131,"5/16/2009,5:15:56","5/18/2009,10:15:41","5/24/2009,8:18:07","5/31/2009,16:45:05"
132,132,"11/30/2006,9:28:43","12/1/2006,11:08:12","12/5/2006,10:47:29","12/7/2006,19:55:49"
133,133,"12/20/2004,7:02:08","12/27/2004,11:33:32","1/3/2005,11:52:24","1/6/2005,10:32:52"
134,134,"5/18/2011,22:48:40","5/19/2011,15:04:09","5/21/2011,9:53:18","5/22/2011,6:24:45"
135,135,"7/1/2007,4:10:16","7/5/2007,13:03:06","7/11/2007,11:34:28","7/14/2007,17:34:21"
136,136,"11/20/2010,9:27:23","11/23/2010,13:58:24","11/27/2010,9:52:31","12/4/2010,12:46:03"
137,137,"5/4/2016,10:59:24","5/5/2016,14:46:51","5/11/2016,16:04:35","5/18/2016,17:02:54"
138,138,"12/11/2002,14:57:08","12/18/2002,13:12:27","12/20/2002,10:18:23","12/25/2002,7:10:04"
139,139,"6/27/2016,23:01:31","6/30/2016,14:27:47","7/6/2016,12:40:53","7/8/2016,16:33:11"
140,140,"5/30/2016,12:35:33","6/3/2016,13:04:46","6/6/2016,14:34:29","6/13/2016,18:10:37"
141,141,"12/20/2015,11:03:37","12/21/2015,11:13:14","12/27/2015,8:40:14","12/29/2015,9:27:25"
142,142,"3/22/2005,6:02:05","3/25/2005,13:37:01","3/31/2005,15:05:25","4/3/2005,8:59:39"
143,143,"5/10/2012,13:23:37","5/14/2012,12:30:23","5/15/2012,14:30:16","5/20/2012,11:32:36"
144,144,"10/20/2007,11:36:49","10/23/2007,13:34:47","10/27/2007,15:13:01","10/29/2007,10:06:15"
145,145,"3/29/2003,2:04:43","4/3/2003,12:35:27","4/4/2003,9:20:10","4/8/2003,9:32:32"
146,146,"11/1/2002,4:47:07","11/2/2002,13:15:35","11/7/2002,11:08:07","11/10/2002,7:35:25"
147,147,"5/1/2017,17:55:44","5/7/2017,11:47:10","5/14/2017,10:33:58","5/18/2017,9:52:21"
148,148,"5/19/2017,11:03:34","5/25/2017,9:00:54","5/30/2017,9:01:39","6/4/2017,8:14:50"
149,149,"9/10/2017,16:26:20","9/12/2017,13:35:46","9/15/2017,12:14:44","9/16/2017,9:51:41"
150,150,"10/28/2016,22:58:36","11/2/2016,8:47:54","11/9/2016,12:37:30","11/11/2016,7:24:16"
151,151,"4/3/2008,8:44:44","4/5/2008,13:42:49","4/6/2008,14:59:44","4/12/2008,12:41:21"
152,152,"8/3/2008,19:18:03","8/9/2008,13:17:37","8/16/2008,9:31:16","8/18/2008,9:43:58"
153,153,"2/28/2012,9:24:00","2/29/2012,12:21:45","3/3/2012,9:07:01","3/10/2012,13:49:22"
154,154,"4/3/2011,6:08:36","4/10/2011,14:58:15","4/13/2011,12:19:39","4/19/2011,10:26:45"
155,155,"7/16/2008,7:53:57","7/18/2008,8:27:23","7/23/2008,9:21:29","7/29/2008,9:56:24"
156,156,"4/10/2003,19:09:58","4/17/2003,11:13:17","4/21/2003,16:21:26","4/22/2003,13:13:44"
157,157,"2/23/2004,2:32:04","2/25/2004,13:10:13","3/1/2004,13:24:43","3/4/2004,13:00:16"
158,158,"9/19/2005,5:33:23","9/22/2005,10:24:31","9/23/2005,16:30:30","9/28/2005,9:03:56"
159,159,"2/7/2011,20:17:29","2/10/2011,10:16:22","2/12/2011,12:39:15","2/13/2011,8:06:17"
160,160,"12/2/2012,4:26:16","12/8/2012,15:59:28","12/12/2012,14:42:48","12/15/2012,19:40:42"
161,161,"8/19/2008,16:11:32","8/23/2008,8:45:37","8/24/2008,16:48:10","8/28/2008,14:09:41"
162,162,"12/4/2001,1:15:26","12/5/2001,16:13:27","12/9/2001,11:33:27","12/14/2001,11:00:17"
163,163,"1/26/2001,14:22:33","2/2/2001,10:42:41","2/4/2001,15:17:56","2/11/2001,17:51:29"
164,164,"9/20/2015,14:06:22","9/24/2015,8:26:44","9/29/2015,12:12:25","10/1/2015,19:31:15"
165,165,"1/26/2001,11:18:58","1/27/2001,8:44:29","2/3/2001,15:36:44","2/9/2001,18:04:40"
166,166,"7/20/2008,15:15:13","7/27/2008,16:56:33","7/30/2008,10:15:33","8/4/2008,10:52:26"
167,167,"9/11/2009,0:46:33","9/12/2009,14:25:22","9/18/2009,11:46:03","9/23/2009,15:43:20"
168,168,"3/13/2017,22:39:54","3/19/2017,9:05:03","3/25/2017,9:58:11","4/1/2017,13:47:03"
169,169,"5/28/2018,13:46:45","6/4/2018,10:33:48","6/5/2018,10:23:38","6/12/2018,17:58:08"
170,170,"9/25/2003,18:02:50","9/30/2003,10:48:30","10/1/2003,8:01:56","10/8/2003,10:37:05"
171,171,"12/18/2015,1:20:04","12/21/2015,14:05:55","12/22/2015,11:27:38","12/27/2015,8:45:51"
172,172,"10/27/2004,21:55:07","11/3/2004,14:32:07","11/5/2004,9:09:25","11/9/2004,19:21:48"
173,173,"3/22/2012,1:28:28","3/28/2012,9:53:36","4/2/2012,16:56:28","4/7/2012,9:07:11"
174,174,"8/22/2006,15:47:42","8/23/2006,13:29:07","8/29/2006,15:26:28","9/5/2006,9:11:53"
175,175,"9/1/2009,12:31:39","9/8/2009,11:26:39","9/13/2009,13:16:06","9/14/2009,15:44:16"
176,176,"3/29/2011,13:00:17","4/1/2011,12:03:10","4/7/2011,8:57:25","4/8/2011,12:36:25"
177,177,"6/10/2009,2:30:54","6/15/2009,13:02:19","6/16/2009,11:22:32","6/21/2009,14:35:07"
178,178,"4/24/2005,8:06:39","4/27/2005,16:07:06","4/30/2005,12:20:42","5/2/2005,17:25:30"
179,179,"8/23/2001,11:17:32","8/30/2001,11:52:29","9/3/2001,12:00:02","9/8/2001,7:18:54"
180,180,"5/17/2014,3:18:04","5/24/2014,15:59:31","5/26/2014,12:29:44","5/27/2014,14:06:16"
181,181,"6/2/2002,22:05:07","6/4/2002,15:38:13","6/9/2002,11:12:26","6/15/2002,18:31:48"
182,182,"1/9/2018,20:06:08","1/10/2018,13:14:27","1/13/2018,11:52:02","1/17/2018,12:24:52"
183,183,"12/18/2008,18:44:40","12/20/2008,13:50:42","12/22/2008,11:08:59","12/29/2008,17:03:19"
184,184,"9/22/2017,10:07:38","9/23/2017,11:02:49","9/26/2017,13:46:16","10/1/2017,11:14:37"
185,185,"12/2/2008,21:22:49","12/3/2008,10:05:35","12/10/2008,8:43:35","12/14/2008,18:59:33"
186,186,"5/4/2004,13:52:12","5/11/2004,8:12:10","5/14/2004,13:18:59","5/17/2004,19:14:02"
187,187,"2/12/2014,5:20:16","2/15/2014,13:10:00","2/22/2014,8:22:15","2/26/2014,12:36:43"
188,188,"12/26/2009,10:16:54","12/27/2009,12:12:23","12/31/2009,14:10:34","1/3/2010,13:20:47"
189,189,"8/17/2008,2:15:45","8/24/2008,9:00:25","8/27/2008,11:23:36","8/30/2008,15:57:11"
190,190,"11/11/2006,18:37:30","11/14/2006,12:09:58","11/18/2006,12:15:15","11/22/2006,19:00:03"
191,191,"7/1/2010,18:58:56","7/5/2010,9:50:40","7/9/2010,11:01:02","7/11/2010,8:59:42"
192,192,"4/18/2002,5:53:05","4/23/2002,9:40:33","4/24/2002,14:38:28","4/30/2002,13:44:55"
193,193,"4/28/2017,3:57:50","5/2/2017,12:30:32","5/7/2017,9:21:11","5/12/2017,13:02:57"
194,194,"8/1/2016,17:52:09","8/6/2016,11:52:55","8/8/2016,15:26:32","8/15/2016,14:40:23"
195,195,"4/8/2016,9:19:48","4/14/2016,9:27:50","4/18/2016,14:33:17","4/20/2016,14:28:14"
196,196,"10/4/2006,13:45:17","10/5/2006,12:06:23","10/10/2006,13:02:07","10/16/2006,19:59:14"
197,197,"8/2/2010,9:16:57","8/5/2010,11:03:32","8/6/2010,16:46:36","8/12/2010,7:47:24"
198,198,"3/1/2007,6:54:43","3/6/2007,12:04:21","3/9/2007,10:09:57","3/12/2007,6:43:55"
199,199,"6/17/2013,17:54:30","6/19/2013,15:16:12","6/25/2013,11:53:26","7/1/2013,19:17:23"
200,200,"12/12/2007,1:32:46","12/19/2007,12:03:37","12/26/2007,8:35:23","12/29/2007,10:18:56"
201,201,"2/14/2012,22:57:09","2/16/2012,15:10:14","2/21/2012,13:53:53","2/23/2012,13:50:35"
202,202,"3/10/2015,1:21:41","3/16/2015,8:46:24","3/18/2015,15:42:48","3/24/2015,14:22:02"
203,203,"9/5/2017,15:10:34","9/8/2017,8:18:14","9/9/2017,13:04:24","9/14/2017,8:31:32"
204,204,"2/1/2012,7:13:27","2/4/2012,12:00:17","2/5/2012,12:51:28","2/7/2012,17:15:02"
205,205,"10/31/2013,15:08:46","11/7/2013,14:16:30","11/10/2013,14:36:27","11/12/2013,8:32:32"
206,206,"11/1/2005,19:30:40","11/6/2005,8:18:59","11/11/2005,9:40:57","11/13/2005,18:50:14"
207,207,"11/19/2007,11:39:07","11/21/2007,16:10:17","11/25/2007,14:06:36","11/28/2007,17:18:29"
208,208,"4/27/2016,2:05:58","4/30/2016,12:22:44","5/4/2016,15:41:27","5/6/2016,15:45:47"
209,209,"9/22/2003,11:09:52","9/28/2003,14:30:19","10/5/2003,9:27:23","10/6/2003,16:33:13"
210,210,"12/5/2006,19:09:07","12/9/2006,11:02:58","12/14/2006,16:58:13","12/17/2006,15:26:55"
211,211,"4/14/2004,18:48:16","4/21/2004,8:40:49","4/25/2004,10:25:50","4/29/2004,12:59:37"
212,212,"7/8/2007,1:47:09","7/15/2007,16:43:41","7/22/2007,14:34:00","7/29/2007,18:51:53"
213,213,"10/20/2016,15:22:19","10/25/2016,11:56:01","10/27/2016,12:56:19","11/3/2016,10:30:44"
214,214,"4/4/2015,8:41:27","4/10/2015,16:24:41","4/16/2015,13:38:11","4/18/2015,15:54:16"
215,215,"5/1/2018,14:37:15","5/8/2018,10:45:38","5/12/2018,9:57:31","5/17/2018,6:16:55"
216,216,"5/31/2010,19:38:06","6/1/2010,11:39:30","6/2/2010,14:16:34","6/6/2010,6:26:07"
217,217,"3/23/2001,0:00:16","3/26/2001,8:33:39","3/31/2001,9:03:57","4/1/2001,14:25:42"
218,218,"9/18/2014,9:51:48","9/20/2014,9:42:45","9/21/2014,11:44:20","9/28/2014,15:46:26"
219,219,"11/12/2007,17:50:46","11/14/2007,10:59:14","11/18/2007,11:47:07","11/25/2007,9:08:10"
220,220,"5/28/2017,18:19:45","6/4/2017,16:02:11","6/6/2017,13:25:37","6/7/2017,8:22:00"
221,221,"9/10/2012,19:33:38","9/17/2012,9:00:17","9/19/2012,13:03:17","9/24/2012,6:11:42"
222,222,"1/13/2003,8:29:15","1/17/2003,16:10:06","1/24/2003,12:37:04","1/27/2003,17:08:18"
223,223,"2/14/2009,16:40:16","2/20/2009,14:48:44","2/24/2009,10:56:54","2/26/2009,12:59:33"
224,224,"5/19/2009,6:32:37","5/25/2009,13:50:04","5/26/2009,12:46:53","5/28/2009,18:15:08"
225,225,"6/10/2014,16:06:50","6/15/2014,14:20:53","6/19/2014,11:46:28","6/20/2014,19:37:02"
226,226,"1/13/2007,18:01:16","1/18/2007,8:34:46","1/23/2007,9:44:49","1/24/2007,8:35:56"
227,227,"9/17/2008,19:14:28","9/21/2008,11:38:32","9/23/2008,14:59:23","9/27/2008,12:15:45"
228,228,"4/18/2001,14:52:43","4/23/2001,14:18:35","4/29/2001,12:34:01","5/1/2001,6:17:52"
229,229,"6/16/2005,7:46:58","6/22/2005,10:13:42","6/25/2005,12:32:02","6/30/2005,9:41:56"
230,230,"9/3/2018,6:40:18","9/5/2018,13:14:19","9/12/2018,15:42:10","9/18/2018,8:00:46"
231,231,"6/23/2007,2:20:29","6/27/2007,11:38:26","7/1/2007,14:22:21","7/2/2007,17:21:43"
232,232,"1/11/2014,8:30:41","1/14/2014,9:35:51","1/18/2014,13:26:31","1/20/2014,6:29:39"
233,233,"6/15/2017,2:18:54","6/17/2017,11:12:44","6/18/2017,10:45:30","6/25/2017,9:35:42"
234,234,"3/30/2005,23:30:42","4/1/2005,10:13:40","4/8/2005,10:49:28","4/14/2005,10:26:26"
235,235,"1/1/2006,22:53:15","1/6/2006,13:00:09","1/11/2006,12:54:06","1/17/2006,11:26:51"
236,236,"1/1/2009,22:26:38","1/3/2009,11:53:56","1/8/2009,10:30:28","1/11/2009,12:09:41"
237,237,"9/26/2013,11:14:44","10/1/2013,9:09:00","10/3/2013,12:08:20","10/5/2013,7:05:48"
238,238,"5/9/2008,7:42:43","5/13/2008,8:00:01","5/15/2008,16:19:28","5/19/2008,14:55:34"
239,239,"9/23/2018,9:38:04","9/28/2018,8:09:10","10/4/2018,8:25:16","10/8/2018,18:48:50"
240,240,"4/9/2003,17:54:37","4/15/2003,16:54:55","4/21/2003,16:28:09","4/23/2003,11:57:14"
241,241,"11/11/2017,18:42:05","11/13/2017,10:24:52","11/17/2017,11:03:05","11/22/2017,15:13:57"
242,242,"7/8/2002,0:55:06","7/9/2002,13:45:07","7/14/2002,8:15:17","7/16/2002,8:05:10"
243,243,"4/29/2001,20:59:49","4/30/2001,11:59:12","5/1/2001,12:35:51","5/8/2001,16:32:31"
244,244,"12/28/2011,10:21:26","12/31/2011,14:59:19","1/5/2012,14:59:40","1/12/2012,8:41:57"
245,245,"3/3/2008,17:02:24","3/8/2008,13:34:10","3/11/2008,15:33:54","3/18/2008,14:23:37"
246,246,"9/30/2004,13:50:46","10/1/2004,14:03:41","10/4/2004,14:03:53","10/7/2004,14:19:42"
247,247,"4/13/2002,17:15:06","4/19/2002,9:21:06","4/26/2002,12:53:06","5/1/2002,11:30:22"
248,248,"5/6/2015,19:43:42","5/8/2015,12:43:22","5/11/2015,9:51:17","5/16/2015,11:26:51"
249,249,"4/16/2015,15:15:33","4/19/2015,9:18:04","4/23/2015,14:08:35","4/24/2015,15:25:56"
250,250,"10/2/2005,12:34:45","10/9/2005,10:48:43","10/10/2005,8:59:51","10/13/2005,10:17:48"
251,251,"4/1/2002,5:08:38","4/8/2002,16:14:55","4/10/2002,14:21:04","4/15/2002,8:13:01"
252,252,"11/23/2018,6:38:10","11/25/2018,14:35:14","11/28/2018,15:56:49","11/30/2018,18:14:36"
253,253,"3/5/2007,11:16:24","3/7/2007,10:00:06","3/11/2007,8:37:23","3/15/2007,14:12:04"
254,254,"8/2/2016,12:27:16","8/6/2016,15:26:43","8/12/2016,12:12:11","8/18/2016,16:05:13"
255,255,"9/21/2005,2:56:41","9/24/2005,16:32:03","9/28/2005,9:09:15","10/1/2005,14:52:33"
256,256,"8/7/2015,0:20:53","8/13/2015,14:45:04","8/20/2015,8:53:55","8/21/2015,13:00:31"
257,257,"1/6/2012,7:35:24","1/11/2012,10:43:01","1/18/2012,10:56:42","1/25/2012,6:36:28"
258,258,"5/1/2016,18:59:10","5/3/2016,10:40:36","5/4/2016,12:47:03","5/8/2016,17:27:24"
259,259,"5/9/2003,12:02:34","5/10/2003,15:12:59","5/14/2003,16:25:08","5/17/2003,7:04:52"
260,260,"3/28/2018,11:52:01","3/29/2018,11:01:26","4/4/2018,16:03:07","4/5/2018,11:34:26"
261,261,"7/14/2012,21:12:58","7/16/2012,8:58:19","7/20/2012,8:09:45","7/22/2012,8:11:33"
262,262,"3/19/2003,7:28:51","3/21/2003,9:04:20","3/24/2003,14:46:51","3/30/2003,19:12:58"
263,263,"4/1/2002,23:53:34","4/8/2002,16:28:28","4/12/2002,15:07:51","4/19/2002,9:14:03"
264,264,"6/13/2015,11:05:56","6/19/2015,12:32:08","6/26/2015,8:37:47","7/2/2015,11:28:14"
265,265,"1/29/2018,10:02:13","2/1/2018,8:49:30","2/7/2018,13:15:21","2/11/2018,6:14:11"
266,266,"12/20/2014,12:07:59","12/26/2014,12:36:53","12/29/2014,16:04:52","12/31/2014,11:23:45"
267,267,"6/26/2005,9:54:04","6/27/2005,15:46:29","7/3/2005,12:00:04","7/4/2005,16:35:54"
268,268,"1/26/2015,11:55:23","1/31/2015,12:52:35","2/5/2015,13:37:46","2/6/2015,19:29:21"
269,269,"3/10/2008,0:12:23","3/15/2008,16:40:32","3/19/2008,15:35:33","3/25/2008,8:49:03"
270,270,"4/16/2003,4:44:26","4/20/2003,12:56:02","4/23/2003,13:16:39","4/29/2003,12:12:44"
271,271,"6/25/2001,9:32:42","7/2/2001,14:39:13","7/8/2001,9:24:20","7/14/2001,9:35:29"
272,272,"10/7/2007,4:18:07","10/14/2007,9:17:07","10/21/2007,12:49:20","10/26/2007,13:51:00"
273,273,"8/21/2012,18:51:00","8/22/2012,15:12:08","8/28/2012,14:45:15","9/3/2012,15:56:26"
274,274,"4/1/2012,20:43:07","4/2/2012,12:42:49","4/9/2012,8:04:06","4/12/2012,12:30:53"
275,275,"3/3/2005,0:24:33","3/6/2005,12:05:19","3/10/2005,10:31:06","3/14/2005,10:14:10"
276,276,"10/7/2016,4:50:36","10/12/2016,10:25:45","10/19/2016,14:27:52","10/23/2016,7:49:50"
277,277,"11/9/2011,14:57:17","11/14/2011,14:08:06","11/19/2011,14:29:07","11/20/2011,13:12:44"
278,278,"4/11/2016,1:46:39","4/17/2016,15:27:33","4/19/2016,9:01:09","4/21/2016,7:29:37"
279,279,"1/10/2001,6:18:46","1/17/2001,10:00:16","1/21/2001,10:15:05","1/23/2001,15:26:51"
280,280,"5/31/2007,18:34:22","6/3/2007,11:17:46","6/10/2007,12:44:27","6/15/2007,13:18:32"
281,281,"12/2/2013,17:06:52","12/9/2013,9:23:07","12/16/2013,9:47:55","12/22/2013,9:03:49"
282,282,"11/10/2002,9:53:15","11/14/2002,10:30:12","11/20/2002,16:59:46","11/24/2002,18:34:26"
283,283,"6/7/2018,4:07:18","6/14/2018,15:39:50","6/15/2018,13:24:45","6/20/2018,6:30:46"
284,284,"9/18/2007,13:47:29","9/23/2007,11:46:06","9/28/2007,11:13:35","9/30/2007,17:30:08"
285,285,"1/25/2005,19:38:38","1/29/2005,8:03:03","1/31/2005,14:55:34","2/7/2005,6:40:10"
286,286,"4/19/2007,1:20:47","4/21/2007,16:27:10","4/27/2007,9:50:03","5/2/2007,9:51:29"
287,287,"5/28/2014,9:16:04","5/31/2014,12:31:02","6/2/2014,13:02:36","6/8/2014,12:42:55"
288,288,"11/19/2007,22:18:49","11/22/2007,10:40:10","11/28/2007,8:25:19","12/2/2007,17:48:34"
289,289,"4/10/2016,8:43:05","4/14/2016,15:09:13","4/20/2016,13:32:54","4/23/2016,9:07:51"
290,290,"11/5/2006,13:47:55","11/12/2006,8:20:53","11/15/2006,9:18:07","11/16/2006,17:58:04"
291,291,"5/11/2012,4:39:47","5/14/2012,13:05:42","5/17/2012,13:40:47","5/22/2012,10:47:10"
292,292,"11/15/2005,17:10:04","11/16/2005,14:45:10","11/22/2005,13:29:24","11/28/2005,17:24:06"
293,293,"10/24/2008,0:03:14","10/29/2008,13:58:49","11/2/2008,8:36:22","11/3/2008,8:34:04"
294,294,"11/29/2011,9:52:39","11/30/2011,10:46:09","12/2/2011,11:35:55","12/4/2011,18:24:08"
295,295,"5/23/2018,20:19:28","5/30/2018,16:13:20","6/5/2018,15:22:57","6/9/2018,7:44:16"
296,296,"9/1/2005,6:46:00","9/5/2005,11:32:32","9/9/2005,12:09:06","9/15/2005,17:11:48"
297,297,"10/22/2012,15:37:37","10/25/2012,16:24:23","11/1/2012,9:00:47","11/8/2012,12:23:27"
298,298,"2/8/2016,18:58:28","2/12/2016,13:44:38","2/15/2016,13:04:31","2/20/2016,14:20:36"
299,299,"2/20/2015,12:46:33","2/21/2015,15:16:48","2/23/2015,10:00:38","2/24/2015,14:10:53"
300,300,"6/11/2011,18:19:05","6/18/2011,11:41:42","6/25/2011,10:06:19","6/28/2011,19:43:19"
301,301,"10/4/2005,22:17:14","10/11/2005,14:34:59","10/14/2005,14:04:41","10/15/2005,13:23:47"
302,302,"7/21/2007,19:57:13","7/26/2007,11:12:35","7/27/2007,10:14:03","7/31/2007,18:58:38"
303,303,"7/27/2018,15:10:09","7/29/2018,15:16:47","7/31/2018,10:36:03","8/6/2018,19:12:07"
304,304,"4/16/2014,17:22:08","4/20/2014,11:47:44","4/22/2014,9:47:05","4/24/2014,17:06:06"
305,305,"5/24/2018,4:14:05","5/27/2018,16:16:35","5/28/2018,16:13:41","5/31/2018,6:10:42"
306,306,"3/23/2006,7:37:56","3/29/2006,10:00:25","4/4/2006,14:34:35","4/9/2006,15:28:57"
307,307,"8/31/2009,6:23:18","9/7/2009,16:16:50","9/13/2009,10:24:04","9/16/2009,16:21:54"
308,308,"6/16/2004,14:54:47","6/22/2004,14:39:29","6/25/2004,8:39:29","6/30/2004,6:32:02"
309,309,"6/19/2018,20:37:52","6/22/2018,11:25:27","6/28/2018,8:16:55","6/30/2018,16:18:33"
310,310,"3/28/2016,18:01:56","3/31/2016,8:48:19","4/3/2016,16:58:02","4/10/2016,9:53:37"
311,311,"5/2/2005,0:56:57","5/4/2005,9:36:04","5/8/2005,9:49:59","5/15/2005,17:52:50"
312,312,"12/22/2014,7:57:35","12/24/2014,8:55:47","12/25/2014,14:36:19","12/27/2014,6:29:11"
313,313,"7/31/2009,16:13:47","8/7/2009,12:53:40","8/11/2009,13:25:24","8/14/2009,12:40:52"
314,314,"8/21/2001,2:49:17","8/23/2001,10:00:45","8/29/2001,11:31:46","9/4/2001,19:10:03"
315,315,"5/20/2003,10:05:40","5/23/2003,9:00:33","5/27/2003,9:03:39","6/2/2003,19:21:56"
316,316,"1/30/2003,1:28:06","2/4/2003,10:14:50","2/8/2003,11:22:58","2/13/2003,18:24:49"
317,317,"1/2/2008,10:18:57","1/6/2008,8:02:54","1/10/2008,9:01:35","1/13/2008,18:27:06"
318,318,"5/27/2013,6:31:52","5/29/2013,8:09:33","6/5/2013,9:35:40","6/9/2013,6:34:44"
319,319,"5/6/2013,0:21:50","5/10/2013,8:00:41","5/16/2013,10:07:10","5/17/2013,13:33:43"
320,320,"3/17/2010,20:58:58","3/21/2010,8:02:22","3/27/2010,12:03:37","3/31/2010,17:31:30"
321,321,"1/11/2012,22:46:51","1/15/2012,9:23:34","1/20/2012,10:19:54","1/23/2012,9:36:07"
322,322,"8/20/2006,22:35:45","8/27/2006,11:45:45","8/30/2006,10:34:33","9/3/2006,16:18:36"
323,323,"8/16/2017,18:17:46","8/18/2017,13:41:01","8/22/2017,11:03:02","8/24/2017,17:01:39"
324,324,"5/19/2012,8:09:35","5/21/2012,16:30:42","5/22/2012,9:53:43","5/23/2012,12:13:06"
325,325,"1/11/2007,6:28:09","1/14/2007,13:46:00","1/20/2007,9:02:24","1/23/2007,16:54:42"
326,326,"9/9/2007,21:21:21","9/10/2007,10:02:49","9/14/2007,10:14:31","9/20/2007,14:07:57"
327,327,"2/8/2005,15:46:38","2/10/2005,10:17:39","2/13/2005,10:46:41","2/18/2005,16:42:52"
328,328,"8/12/2011,20:00:34","8/15/2011,12:19:57","8/16/2011,16:25:43","8/21/2011,18:48:16"
329,329,"10/13/2013,3:35:22","10/17/2013,9:04:57","10/19/2013,12:25:53","10/22/2013,14:10:57"
330,330,"3/28/2006,18:26:24","4/1/2006,13:04:46","4/3/2006,9:22:19","4/5/2006,15:54:52"
331,331,"9/15/2001,13:07:05","9/22/2001,10:53:31","9/25/2001,8:11:11","10/1/2001,10:32:41"
332,332,"12/22/2008,10:35:57","12/27/2008,11:02:11","1/2/2009,12:54:51","1/3/2009,13:23:54"
333,333,"5/16/2016,1:22:19","5/21/2016,14:37:55","5/22/2016,13:18:09","5/29/2016,9:47:36"
334,334,"9/29/2001,14:42:26","10/1/2001,13:19:41","10/6/2001,10:57:25","10/10/2001,19:47:17"
335,335,"1/15/2016,4:32:52","1/17/2016,10:19:56","1/19/2016,15:44:11","1/22/2016,15:00:25"
336,336,"9/4/2016,12:47:38","9/10/2016,13:41:52","9/15/2016,16:35:16","9/20/2016,12:12:45"
337,337,"8/16/2003,20:56:33","8/18/2003,8:00:13","8/23/2003,12:07:33","8/27/2003,11:57:50"
338,338,"9/10/2016,0:08:21","9/15/2016,14:40:47","9/22/2016,13:47:56","9/27/2016,16:40:32"
339,339,"12/14/2007,0:16:13","12/16/2007,14:15:29","12/22/2007,8:13:48","12/29/2007,19:50:03"
340,340,"6/3/2011,4:51:50","6/6/2011,16:59:25","6/9/2011,10:05:56","6/15/2011,18:19:08"
341,341,"8/11/2018,2:33:48","8/15/2018,12:14:54","8/22/2018,16:19:04","8/23/2018,18:25:02"
342,342,"7/20/2007,7:39:17","7/27/2007,9:26:46","7/28/2007,14:22:12","8/3/2007,17:32:16"
343,343,"9/27/2004,9:58:10","10/3/2004,11:59:26","10/9/2004,16:16:08","10/11/2004,15:14:59"
344,344,"10/29/2003,1:06:20","11/3/2003,11:22:02","11/6/2003,12:21:19","11/12/2003,9:14:07"
345,345,"4/6/2001,2:12:01","4/9/2001,10:58:05","4/16/2001,11:32:53","4/17/2001,6:49:34"
346,346,"7/25/2014,14:21:31","8/1/2014,15:05:15","8/2/2014,13:12:09","8/7/2014,14:30:39"
347,347,"9/12/2011,21:46:39","9/18/2011,14:51:51","9/22/2011,15:37:52","9/23/2011,9:01:00"
348,348,"6/28/2004,8:43:34","7/5/2004,11:12:51","7/9/2004,13:11:01","7/12/2004,7:41:53"
349,349,"5/18/2017,17:07:03","5/21/2017,9:47:23","5/27/2017,10:12:24","5/30/2017,8:00:16"
350,350,"1/27/2002,11:39:11","1/30/2002,11:14:09","2/1/2002,12:15:49","2/7/2002,17:53:59"
351,351,"12/7/2011,1:09:21","12/14/2011,9:43:14","12/15/2011,11:04:18","12/16/2011,7:04:12"
352,352,"2/8/2006,17:00:55","2/13/2006,10:13:33","2/14/2006,9:32:08","2/19/2006,6:12:27"
353,353,"10/16/2004,10:57:01","10/19/2004,15:05:57","10/24/2004,8:24:23","10/30/2004,18:05:05"
354,354,"11/22/2008,6:20:08","11/29/2008,13:37:11","12/5/2008,16:59:06","12/11/2008,18:01:19"
355,355,"2/12/2018,1:22:14","2/17/2018,11:08:41","2/23/2018,13:32:47","3/2/2018,14:04:49"
356,356,"10/24/2010,17:21:00","10/30/2010,10:02:21","10/31/2010,10:42:44","11/6/2010,19:15:27"
357,357,"6/26/2010,19:23:56","7/2/2010,11:16:47","7/8/2010,12:35:40","7/12/2010,19:52:22"
358,358,"6/18/2016,16:05:10","6/21/2016,12:39:17","6/27/2016,11:58:25","6/30/2016,14:43:52"
359,359,"2/19/2016,0:00:44","2/24/2016,8:16:07","3/1/2016,15:40:05","3/4/2016,19:56:27"
360,360,"12/28/2017,17:26:25","12/30/2017,13:05:52","1/3/2018,8:20:22","1/8/2018,8:30:57"
361,361,"5/11/2015,12:21:46","5/13/2015,10:55:28","5/20/2015,14:23:36","5/26/2015,8:41:17"
362,362,"11/22/2013,5:33:07","11/28/2013,9:40:35","11/30/2013,8:25:30","12/4/2013,8:03:49"
363,363,"12/19/2003,15:29:46","12/23/2003,15:49:31","12/30/2003,11:22:06","1/5/2004,6:08:38"
364,364,"12/11/2013,15:04:27","12/13/2013,9:56:29","12/14/2013,12:26:47","12/19/2013,10:14:48"
365,365,"10/30/2001,8:06:05","10/31/2001,14:20:13","11/3/2001,16:01:31","11/10/2001,6:58:31"
366,366,"5/9/2002,19:20:10","5/11/2002,13:18:15","5/12/2002,15:19:43","5/13/2002,13:30:36"
367,367,"4/18/2008,14:23:39","4/21/2008,15:07:11","4/28/2008,15:03:00","5/3/2008,18:12:34"
368,368,"12/2/2008,13:54:59","12/8/2008,11:26:18","12/13/2008,13:53:43","12/18/2008,8:33:18"
369,369,"8/4/2009,11:17:02","8/8/2009,15:34:51","8/15/2009,16:03:35","8/19/2009,13:29:58"
370,370,"3/10/2010,1:06:18","3/17/2010,8:13:16","3/24/2010,13:49:57","3/29/2010,8:17:53"
371,371,"6/21/2013,22:49:03","6/24/2013,8:31:56","6/30/2013,9:30:11","7/5/2013,6:43:52"
372,372,"12/27/2003,2:01:10","1/3/2004,12:39:11","1/10/2004,14:42:28","1/11/2004,7:48:25"
373,373,"9/28/2015,7:52:55","10/1/2015,8:53:47","10/2/2015,11:29:19","10/3/2015,11:23:44"
374,374,"7/20/2017,9:18:43","7/27/2017,16:17:30","7/28/2017,11:32:04","8/3/2017,10:29:52"
375,375,"9/20/2012,10:13:33","9/24/2012,10:51:10","9/27/2012,13:19:52","9/30/2012,8:26:08"
376,376,"8/22/2003,8:50:54","8/25/2003,12:03:28","9/1/2003,15:50:16","9/2/2003,10:05:13"
377,377,"8/27/2013,18:06:16","9/1/2013,8:31:01","9/6/2013,11:21:59","9/10/2013,14:15:17"
378,378,"3/17/2005,13:39:03","3/20/2005,11:46:11","3/26/2005,15:41:56","3/28/2005,10:04:29"
379,379,"3/26/2016,19:02:04","3/29/2016,10:15:53","3/30/2016,12:23:02","3/31/2016,18:27:16"
380,380,"4/27/2001,11:22:29","5/4/2001,12:31:15","5/5/2001,9:47:05","5/10/2001,16:55:59"
381,381,"5/17/2002,14:36:17","5/19/2002,9:49:13","5/21/2002,14:10:07","5/24/2002,13:26:40"
382,382,"4/27/2007,9:21:00","4/29/2007,12:25:44","4/30/2007,16:23:17","5/1/2007,9:39:51"
383,383,"8/18/2013,4:54:26","8/20/2013,11:06:32","8/24/2013,11:03:21","8/30/2013,6:46:45"
384,384,"2/21/2004,11:48:13","2/28/2004,10:35:03","3/3/2004,16:09:09","3/4/2004,13:48:11"
385,385,"3/29/2006,0:27:45","4/5/2006,9:58:28","4/7/2006,10:35:08","4/8/2006,9:09:31"
386,386,"8/1/2015,16:53:33","8/3/2015,9:04:40","8/7/2015,10:34:42","8/12/2015,6:42:31"
387,387,"1/3/2005,13:55:03","1/10/2005,15:18:44","1/13/2005,13:31:59","1/18/2005,14:30:09"
388,388,"2/18/2007,15:04:36","2/19/2007,12:56:09","2/25/2007,11:22:16","2/28/2007,17:20:32"
389,389,"12/27/2011,5:25:13","1/2/2012,9:48:56","1/5/2012,10:38:53","1/7/2012,10:54:34"
390,390,"4/14/2016,8:51:14","4/19/2016,9:52:27","4/22/2016,15:34:20","4/24/2016,18:08:30"
391,391,"5/11/2018,10:44:36","5/18/2018,16:07:34","5/20/2018,11:43:31","5/21/2018,7:07:59"
392,392,"2/6/2009,8:40:16","2/9/2009,12:32:21","2/16/2009,16:28:08","2/17/2009,9:45:46"
393,393,"5/16/2003,16:08:11","5/21/2003,8:24:26","5/24/2003,16:16:36","5/30/2003,10:43:50"
394,394,"4/5/2005,13:27:33","4/9/2005,12:20:44","4/14/2005,12:48:55","4/19/2005,19:14:01"
395,395,"8/28/2016,3:07:31","8/30/2016,8:54:00","9/5/2016,13:53:13","9/10/2016,13:30:32"
396,396,"1/2/2005,10:51:40","1/3/2005,9:23:50","1/6/2005,9:34:17","1/12/2005,10:59:32"
397,397,"2/17/2018,14:51:34","2/20/2018,10:12:36","2/25/2018,9:44:00","3/2/2018,17:30:00"
398,398,"12/30/2016,16:37:06","1/6/2017,14:45:02","1/7/2017,13:29:04","1/14/2017,14:38:26"
399,399,"9/3/2008,7:02:53","9/10/2008,10:57:02","9/17/2008,15:11:33","9/18/2008,7:52:06"
400,400,"5/26/2001,1:24:13","6/1/2001,12:26:03","6/5/2001,8:57:33","6/7/2001,8:18:10"
401,401,"1/10/2004,7:02:00","1/16/2004,10:35:52","1/18/2004,12:58:24","1/25/2004,19:27:39"
402,402,"11/10/2014,4:47:33","11/17/2014,16:25:59","11/18/2014,16:24:31","11/24/2014,9:40:55"
403,403,"10/17/2001,2:34:52","10/18/2001,8:24:03","10/24/2001,14:37:57","10/28/2001,7:07:03"
404,404,"8/22/2001,0:40:03","8/26/2001,11:49:09","8/30/2001,10:42:38","8/31/2001,17:23:45"
405,405,"5/4/2005,21:24:33","5/8/2005,13:27:57","5/15/2005,11:06:11","5/18/2005,17:08:21"
406,406,"9/19/2008,11:49:18","9/21/2008,16:06:24","9/24/2008,15:44:33","9/28/2008,8:07:06"
407,407,"7/1/2012,6:53:21","7/3/2012,11:25:42","7/4/2012,10:40:29","7/6/2012,6:51:33"
408,408,"4/3/2015,12:40:21","4/4/2015,12:43:10","4/10/2015,14:25:15","4/12/2015,17:59:24"
409,409,"4/17/2002,16:02:34","4/22/2002,16:37:34","4/29/2002,9:56:27","5/6/2002,18:16:42"
410,410,"10/6/2011,3:08:48","10/12/2011,10:57:43","10/15/2011,16:19:03","10/19/2011,13:35:22"
411,411,"11/18/2016,7:56:14","11/24/2016,8:41:55","11/26/2016,10:00:30","12/1/2016,16:01:15"
412,412,"10/12/2004,8:31:18","10/13/2004,15:57:29","10/20/2004,10:14:37","10/26/2004,11:43:28"
413,413,"2/23/2003,8:12:00","2/27/2003,12:20:07","3/6/2003,11:32:13","3/10/2003,8:29:46"
414,414,"4/15/2016,7:22:56","4/18/2016,12:01:43","4/24/2016,8:08:35","4/28/2016,11:46:00"
415,415,"7/10/2015,14:21:36","7/15/2015,14:46:45","7/21/2015,16:15:25","7/28/2015,16:49:04"
416,416,"1/3/2006,14:54:47","1/6/2006,11:20:08","1/7/2006,14:25:55","1/8/2006,14:08:59"
417,417,"5/5/2015,20:12:22","5/10/2015,16:18:35","5/13/2015,8:45:11","5/17/2015,16:36:00"
418,418,"7/4/2008,15:42:59","7/9/2008,13:02:02","7/10/2008,16:13:46","7/16/2008,16:25:12"
419,419,"3/15/2016,20:20:34","3/22/2016,13:52:44","3/28/2016,9:19:01","4/2/2016,19:37:28"
420,420,"6/7/2011,16:14:23","6/10/2011,12:05:00","6/16/2011,11:26:49","6/18/2011,6:00:53"
421,421,"1/17/2017,2:19:48","1/24/2017,13:00:49","1/27/2017,13:55:39","2/1/2017,19:10:01"
422,422,"8/15/2016,11:12:08","8/21/2016,10:13:10","8/22/2016,15:43:37","8/26/2016,19:42:04"
423,423,"1/24/2003,0:55:35","1/25/2003,10:15:25","1/29/2003,9:01:19","2/2/2003,16:12:12"
424,424,"12/23/2015,20:09:58","12/26/2015,16:19:24","1/1/2016,13:54:21","1/2/2016,6:34:59"
425,425,"1/6/2012,6:05:03","1/9/2012,15:15:31","1/12/2012,10:31:00","1/16/2012,7:06:53"
426,426,"4/24/2008,6:42:00","4/26/2008,10:55:08","4/29/2008,10:47:51","4/30/2008,6:03:53"
427,427,"10/29/2002,23:16:24","10/30/2002,14:16:44","11/3/2002,9:50:03","11/8/2002,17:09:33"
428,428,"2/12/2002,16:57:38","2/14/2002,10:45:05","2/17/2002,9:50:04","2/19/2002,15:18:52"
429,429,"9/4/2008,0:03:49","9/9/2008,16:56:09","9/13/2008,14:49:21","9/20/2008,19:00:21"
430,430,"4/6/2005,5:25:16","4/10/2005,13:38:36","4/13/2005,13:35:44","4/18/2005,13:49:35"
431,431,"4/28/2014,18:18:26","4/29/2014,14:23:45","5/6/2014,10:22:29","5/11/2014,9:41:54"
432,432,"12/23/2016,0:35:53","12/25/2016,14:36:39","12/31/2016,11:58:29","1/7/2017,7:38:32"
433,433,"3/20/2006,3:37:33","3/26/2006,15:49:53","3/31/2006,13:12:56","4/2/2006,12:50:06"
434,434,"12/7/2005,18:57:55","12/12/2005,11:23:11","12/18/2005,12:18:52","12/19/2005,15:13:38"
435,435,"1/10/2001,20:32:50","1/15/2001,9:21:51","1/22/2001,13:15:09","1/26/2001,17:34:04"
436,436,"10/8/2001,22:32:24","10/11/2001,10:29:42","10/12/2001,16:39:45","10/18/2001,12:37:06"
437,437,"3/9/2015,22:46:38","3/13/2015,9:33:15","3/20/2015,9:48:05","3/26/2015,9:30:02"
438,438,"1/2/2017,18:30:46","1/7/2017,14:27:33","1/14/2017,13:30:34","1/21/2017,16:42:50"
439,439,"12/30/2009,23:50:53","1/6/2010,14:56:23","1/10/2010,9:14:12","1/17/2010,14:11:58"
440,440,"9/18/2016,23:42:14","9/24/2016,9:10:16","9/29/2016,12:59:37","10/6/2016,6:44:23"
441,441,"3/5/2014,7:33:59","3/8/2014,9:13:15","3/15/2014,14:22:53","3/16/2014,9:48:55"
442,442,"7/8/2011,16:35:02","7/11/2011,13:22:19","7/14/2011,8:36:51","7/16/2011,19:02:35"
443,443,"7/23/2005,4:30:20","7/28/2005,10:05:16","7/29/2005,11:34:24","8/5/2005,8:23:56"
444,444,"9/28/2004,10:17:27","10/1/2004,13:19:19","10/6/2004,11:12:39","10/7/2004,16:35:50"
445,445,"2/12/2008,15:41:09","2/15/2008,10:15:31","2/19/2008,13:04:46","2/20/2008,17:37:03"
446,446,"10/18/2005,14:22:07","10/20/2005,10:32:43","10/25/2005,9:12:42","10/26/2005,15:37:35"
447,447,"12/3/2013,23:42:11","12/7/2013,15:46:45","12/8/2013,15:46:05","12/13/2013,19:01:49"
448,448,"2/23/2003,4:41:06","2/27/2003,13:35:57","3/1/2003,9:56:28","3/6/2003,14:36:16"
449,449,"2/23/2009,0:38:46","2/24/2009,14:44:29","2/25/2009,12:06:59","2/27/2009,16:13:43"
450,450,"10/4/2007,14:44:14","10/8/2007,8:46:26","10/14/2007,10:32:54","10/19/2007,7:27:22"
451,451,"1/2/2002,5:22:03","1/4/2002,15:27:27","1/9/2002,10:31:58","1/11/2002,14:41:05"
452,452,"4/16/2003,11:09:37","4/23/2003,8:16:07","4/27/2003,8:45:47","5/3/2003,6:18:48"
453,453,"6/20/2011,17:30:30","6/21/2011,9:01:42","6/26/2011,13:39:07","6/30/2011,7:54:24"
454,454,"7/15/2005,7:03:27","7/22/2005,9:12:36","7/23/2005,15:47:23","7/25/2005,14:27:32"
455,455,"5/30/2004,23:44:40","5/31/2004,9:24:17","6/6/2004,15:12:12","6/9/2004,9:36:47"
456,456,"2/20/2009,5:54:20","2/21/2009,12:21:21","2/24/2009,14:41:40","2/28/2009,6:55:31"
457,457,"1/13/2012,12:32:56","1/17/2012,13:29:16","1/23/2012,8:34:45","1/27/2012,17:49:27"
458,458,"7/24/2002,16:13:16","7/30/2002,10:48:32","8/4/2002,12:04:40","8/5/2002,13:02:31"
459,459,"4/21/2004,7:20:22","4/27/2004,12:33:12","5/2/2004,11:31:45","5/6/2004,13:38:10"
460,460,"9/19/2010,3:22:35","9/21/2010,13:46:32","9/27/2010,8:49:15","9/29/2010,9:44:05"
461,461,"5/9/2003,4:56:00","5/16/2003,13:43:47","5/22/2003,15:45:59","5/24/2003,15:08:29"
462,462,"4/3/2004,1:32:38","4/9/2004,9:24:49","4/16/2004,9:14:01","4/22/2004,17:37:37"
463,463,"7/3/2017,8:47:48","7/6/2017,12:42:16","7/10/2017,11:20:19","7/15/2017,18:27:47"
464,464,"5/7/2004,10:53:59","5/10/2004,11:39:58","5/14/2004,10:18:36","5/16/2004,19:53:10"
465,465,"12/6/2005,3:51:05","12/8/2005,16:04:06","12/10/2005,13:10:00","12/16/2005,18:00:12"
466,466,"11/30/2003,19:36:58","12/5/2003,12:42:01","12/11/2003,8:14:36","12/12/2003,17:43:27"
467,467,"12/14/2001,21:34:01","12/19/2001,12:43:41","12/22/2001,9:01:57","12/23/2001,6:09:16"
468,468,"7/30/2003,8:45:41","8/1/2003,9:01:20","8/4/2003,13:47:03","8/11/2003,7:38:30"
469,469,"11/2/2005,18:06:42","11/4/2005,11:12:37","11/6/2005,15:50:46","11/13/2005,19:53:52"
470,470,"5/2/2006,6:52:57","5/9/2006,9:13:23","5/11/2006,15:36:53","5/14/2006,16:30:51"
471,471,"1/23/2012,3:47:04","1/30/2012,15:43:12","2/2/2012,9:23:36","2/7/2012,9:25:31"
472,472,"7/2/2004,15:15:28","7/8/2004,14:29:54","7/12/2004,16:20:31","7/13/2004,11:55:50"
473,473,"10/11/2001,2:27:40","10/13/2001,14:07:22","10/14/2001,15:45:20","10/17/2001,9:56:19"
474,474,"12/13/2013,17:24:39","12/18/2013,13:19:25","12/25/2013,11:21:42","12/28/2013,11:07:34"
475,475,"3/1/2012,3:40:02","3/7/2012,14:10:42","3/8/2012,10:01:07","3/11/2012,13:12:29"
476,476,"1/27/2009,11:14:18","1/30/2009,10:26:35","2/5/2009,9:52:48","2/8/2009,11:24:02"
477,477,"10/2/2001,14:06:58","10/3/2001,12:06:49","10/4/2001,15:23:27","10/8/2001,17:39:56"
478,478,"10/10/2004,18:34:51","10/13/2004,8:59:43","10/17/2004,13:59:17","10/23/2004,14:29:27"
479,479,"1/15/2014,4:20:06","1/16/2014,9:46:42","1/22/2014,12:19:46","1/28/2014,17:56:44"
480,480,"4/15/2016,22:59:21","4/20/2016,8:43:49","4/27/2016,12:49:40","4/29/2016,7:47:46"
481,481,"4/25/2005,3:14:45","4/29/2005,14:53:14","5/4/2005,16:50:56","5/11/2005,7:06:41"
482,482,"4/8/2009,5:56:13","4/13/2009,8:13:45","4/17/2009,10:30:55","4/21/2009,14:18:04"
483,483,"9/24/2016,21:11:29","9/26/2016,15:09:54","10/2/2016,13:05:11","10/9/2016,6:00:45"
484,484,"7/16/2007,7:24:14","7/19/2007,14:31:55","7/24/2007,10:14:39","7/26/2007,10:46:01"
485,485,"5/2/2011,18:02:45","5/7/2011,11:26:01","5/8/2011,13:41:20","5/12/2011,8:11:32"
486,486,"9/25/2011,12:48:10","10/2/2011,8:04:45","10/3/2011,14:46:15","10/9/2011,15:57:46"
487,487,"8/25/2008,19:12:50","8/29/2008,16:07:02","9/5/2008,14:04:49","9/8/2008,15:31:01"
488,488,"12/28/2008,10:12:11","12/30/2008,16:38:13","1/5/2009,15:05:07","1/12/2009,6:56:22"
489,489,"10/13/2001,9:45:57","10/20/2001,10:11:37","10/24/2001,13:06:56","10/31/2001,16:34:30"
490,490,"5/30/2012,8:58:15","6/3/2012,12:07:08","6/9/2012,10:16:54","6/10/2012,8:20:17"
491,491,"12/11/2000,3:43:10","12/17/2000,9:52:39","12/18/2000,14:53:30","12/21/2000,18:08:33"
492,492,"8/23/2015,6:35:17","8/27/2015,10:53:42","9/3/2015,14:59:58","9/10/2015,6:44:14"
493,493,"10/12/2002,12:00:44","10/17/2002,13:55:08","10/22/2002,13:42:12","10/29/2002,9:19:49"
494,494,"4/18/2013,17:23:06","4/22/2013,13:15:17","4/29/2013,9:39:09","5/1/2013,16:55:42"
495,495,"8/28/2006,10:18:46","9/2/2006,13:14:16","9/4/2006,9:56:51","9/8/2006,7:43:13"
496,496,"12/24/2013,5:41:09","12/31/2013,12:31:28","1/2/2014,12:44:49","1/6/2014,14:12:39"
497,497,"1/21/2016,16:14:00","1/23/2016,11:00:31","1/30/2016,14:55:11","2/3/2016,10:34:55"
498,498,"6/12/2015,1:36:27","6/14/2015,15:59:46","6/20/2015,11:10:46","6/27/2015,18:29:39"
499,499,"8/5/2010,7:02:48","8/6/2010,10:25:19","8/9/2010,12:34:39","8/11/2010,9:15:12"
500,500,"2/8/2004,21:54:25","2/9/2004,11:28:58","2/16/2004,10:35:33","2/19/2004,7:43:18"
501,501,"12/12/2010,22:46:14","12/13/2010,15:04:42","12/18/2010,9:21:06","12/25/2010,18:50:31"
502,502,"3/29/2004,17:47:50","3/31/2004,10:50:31","4/5/2004,8:44:24","4/11/2004,7:56:02"
503,503,"8/3/2010,11:38:38","8/10/2010,12:58:23","8/11/2010,16:44:28","8/14/2010,17:28:17"
504,504,"5/4/2007,11:04:56","5/10/2007,8:27:54","5/15/2007,12:20:28","5/17/2007,14:46:18"
505,505,"10/6/2013,10:29:48","10/7/2013,13:23:06","10/8/2013,14:34:18","10/11/2013,9:21:39"
506,506,"1/30/2006,8:17:19","2/2/2006,9:40:36","2/9/2006,15:26:38","2/14/2006,8:57:56"
507,507,"8/21/2001,22:55:24","8/23/2001,14:31:17","8/28/2001,12:33:34","8/31/2001,10:15:03"
508,508,"3/13/2016,22:34:53","3/16/2016,14:25:14","3/22/2016,10:32:43","3/26/2016,14:53:03"
509,509,"5/19/2004,7:07:31","5/24/2004,10:59:19","5/25/2004,8:58:15","5/27/2004,19:43:11"
510,510,"5/13/2014,11:36:43","5/18/2014,11:20:27","5/23/2014,16:06:54","5/29/2014,14:45:59"
511,511,"12/10/2006,3:26:29","12/12/2006,16:40:39","12/17/2006,13:04:55","12/20/2006,19:19:21"
512,512,"7/29/2013,4:09:56","8/4/2013,8:55:02","8/6/2013,8:52:26","8/11/2013,6:21:01"
513,513,"3/27/2016,21:05:17","4/3/2016,13:02:40","4/10/2016,15:34:15","4/16/2016,19:22:13"
514,514,"3/19/2017,5:03:23","3/23/2017,15:12:14","3/24/2017,16:29:34","3/29/2017,11:21:44"
515,515,"5/29/2006,16:10:43","6/2/2006,9:53:34","6/4/2006,16:10:30","6/6/2006,19:06:46"
516,516,"10/15/2007,14:56:33","10/17/2007,8:50:00","10/22/2007,13:28:45","10/23/2007,6:39:43"
517,517,"11/21/2006,13:14:52","11/24/2006,15:53:21","11/26/2006,9:32:45","12/2/2006,19:29:05"
518,518,"7/29/2007,12:09:27","7/30/2007,14:41:14","8/6/2007,9:03:36","8/13/2007,17:55:14"
519,519,"4/11/2005,10:16:51","4/13/2005,9:31:17","4/17/2005,13:45:56","4/22/2005,9:48:29"
520,520,"8/12/2014,19:05:46","8/14/2014,14:26:27","8/15/2014,12:46:04","8/18/2014,11:11:53"
521,521,"8/26/2009,8:08:04","8/30/2009,8:54:33","9/3/2009,16:48:30","9/7/2009,13:12:06"
522,522,"10/11/2005,6:09:06","10/18/2005,11:03:14","10/21/2005,8:46:52","10/22/2005,10:02:06"
523,523,"2/4/2010,6:02:00","2/9/2010,14:30:10","2/14/2010,16:54:02","2/17/2010,8:53:49"
524,524,"8/11/2006,19:03:52","8/17/2006,15:24:08","8/21/2006,13:38:53","8/27/2006,13:37:27"
525,525,"4/1/2009,3:11:50","4/4/2009,14:07:58","4/5/2009,16:15:10","4/6/2009,16:01:38"
526,526,"4/14/2018,1:56:15","4/20/2018,12:18:28","4/21/2018,9:29:25","4/24/2018,9:25:35"
527,527,"1/3/2003,9:51:45","1/7/2003,12:34:15","1/8/2003,11:17:05","1/12/2003,8:03:58"
528,528,"4/4/2013,23:20:38","4/5/2013,9:05:54","4/9/2013,13:14:38","4/12/2013,16:51:44"
529,529,"7/15/2017,7:54:15","7/16/2017,15:47:43","7/21/2017,9:18:49","7/27/2017,15:30:32"
530,530,"7/3/2002,21:14:22","7/6/2002,16:19:37","7/13/2002,8:00:50","7/20/2002,18:15:01"
531,531,"4/17/2016,2:30:43","4/20/2016,8:46:11","4/27/2016,16:58:27","4/29/2016,8:54:53"
532,532,"11/27/2007,19:04:47","12/3/2007,11:19:32","12/10/2007,12:55:33","12/13/2007,8:16:19"
533,533,"6/17/2008,11:53:18","6/22/2008,16:20:34","6/26/2008,13:10:55","7/2/2008,8:44:48"
534,534,"6/23/2013,0:10:29","6/25/2013,10:42:24","7/1/2013,14:06:29","7/7/2013,8:08:03"
535,535,"8/9/2001,17:27:46","8/13/2001,14:00:36","8/17/2001,15:23:56","8/21/2001,12:00:42"
536,536,"6/7/2018,1:28:24","6/11/2018,14:08:01","6/13/2018,8:17:53","6/20/2018,6:28:10"
537,537,"3/27/2015,3:20:42","4/3/2015,9:36:09","4/5/2015,8:58:47","4/12/2015,9:33:26"
538,538,"4/1/2014,9:33:56","4/6/2014,11:23:56","4/12/2014,10:34:49","4/13/2014,17:44:53"
539,539,"7/15/2017,17:22:09","7/22/2017,15:14:19","7/23/2017,16:12:19","7/27/2017,8:47:10"
540,540,"1/24/2001,10:41:39","1/29/2001,15:12:22","2/4/2001,9:19:19","2/6/2001,14:49:32"
541,541,"3/29/2008,22:32:08","4/4/2008,15:03:48","4/5/2008,15:04:50","4/6/2008,6:43:20"
542,542,"11/13/2001,5:28:02","11/15/2001,14:44:43","11/21/2001,14:18:53","11/26/2001,14:50:30"
543,543,"1/28/2006,8:27:44","2/1/2006,15:44:58","2/7/2006,10:56:38","2/8/2006,8:31:18"
544,544,"6/17/2013,18:04:40","6/18/2013,8:47:15","6/24/2013,15:08:36","6/27/2013,12:02:48"
545,545,"8/20/2009,16:47:43","8/22/2009,14:03:32","8/25/2009,8:01:24","9/1/2009,12:33:05"
546,546,"10/17/2005,13:30:24","10/24/2005,16:26:48","10/26/2005,11:13:24","10/28/2005,17:48:42"
547,547,"2/6/2012,15:03:01","2/11/2012,9:39:48","2/14/2012,14:49:04","2/21/2012,10:19:13"
548,548,"3/20/2016,19:59:51","3/21/2016,8:28:31","3/22/2016,10:17:15","3/23/2016,18:03:16"
549,549,"7/22/2017,20:21:21","7/28/2017,9:47:24","8/1/2017,13:37:21","8/4/2017,13:06:32"
550,550,"4/22/2005,10:42:47","4/23/2005,13:19:39","4/28/2005,9:37:55","5/5/2005,14:00:25"
551,551,"8/10/2001,1:48:24","8/12/2001,16:05:07","8/17/2001,11:25:36","8/24/2001,10:11:24"
552,552,"3/2/2003,6:44:31","3/9/2003,11:42:44","3/12/2003,14:33:29","3/19/2003,10:42:51"
553,553,"10/21/2014,6:40:41","10/22/2014,8:44:22","10/28/2014,16:36:25","11/3/2014,6:03:13"
554,554,"2/9/2013,15:55:47","2/13/2013,11:18:20","2/17/2013,9:37:16","2/20/2013,9:11:11"
555,555,"7/3/2012,7:31:03","7/6/2012,14:29:22","7/8/2012,10:28:38","7/12/2012,14:09:11"
556,556,"12/29/2016,20:40:45","1/1/2017,10:53:59","1/6/2017,8:32:15","1/11/2017,11:00:33"
557,557,"6/21/2008,7:27:19","6/27/2008,14:38:01","7/1/2008,16:01:43","7/4/2008,19:00:16"
558,558,"11/14/2003,6:49:19","11/19/2003,10:59:25","11/23/2003,12:23:31","11/29/2003,18:51:26"
559,559,"4/22/2008,8:11:24","4/23/2008,14:33:52","4/26/2008,16:17:08","4/27/2008,9:52:01"
560,560,"12/30/2010,17:49:28","1/1/2011,16:43:20","1/4/2011,16:07:47","1/6/2011,6:59:53"
561,561,"11/10/2011,1:17:22","11/15/2011,16:21:55","11/16/2011,14:15:40","11/23/2011,19:33:21"
562,562,"8/20/2018,15:18:37","8/26/2018,12:24:56","8/28/2018,12:57:58","8/31/2018,17:36:00"
563,563,"2/19/2003,4:44:08","2/22/2003,15:12:24","2/24/2003,16:14:03","2/28/2003,11:14:34"
564,564,"6/5/2015,1:25:54","6/6/2015,16:39:47","6/7/2015,10:27:08","6/11/2015,12:35:54"
565,565,"3/3/2010,16:19:54","3/10/2010,16:48:06","3/13/2010,16:48:00","3/18/2010,12:36:06"
566,566,"4/21/2005,15:10:04","4/22/2005,11:51:11","4/26/2005,9:03:00","4/28/2005,10:31:57"
567,567,"8/31/2007,20:39:55","9/5/2007,14:05:02","9/7/2007,14:22:00","9/9/2007,16:10:19"
568,568,"4/16/2014,11:38:56","4/18/2014,11:27:32","4/23/2014,10:30:04","4/29/2014,14:51:34"
569,569,"2/9/2009,19:39:12","2/15/2009,14:19:10","2/17/2009,10:18:05","2/22/2009,8:58:34"
570,570,"3/20/2006,9:31:11","3/26/2006,8:38:51","3/28/2006,9:37:46","4/2/2006,7:36:24"
571,571,"12/12/2016,3:52:04","12/19/2016,11:33:12","12/21/2016,11:44:29","12/26/2016,16:00:10"
572,572,"9/17/2008,21:18:06","9/19/2008,12:17:21","9/22/2008,8:44:09","9/26/2008,14:19:03"
573,573,"4/22/2012,21:41:32","4/27/2012,9:47:39","5/4/2012,9:21:31","5/8/2012,8:37:13"
574,574,"2/15/2013,4:13:11","2/16/2013,12:14:24","2/21/2013,15:19:48","2/26/2013,8:08:40"
575,575,"10/6/2003,3:52:04","10/8/2003,8:04:30","10/12/2003,11:09:23","10/17/2003,7:06:51"
576,576,"7/29/2009,17:30:25","7/31/2009,9:11:00","8/3/2009,8:25:42","8/9/2009,9:59:49"
577,577,"8/9/2012,13:22:37","8/14/2012,10:23:38","8/17/2012,16:22:02","8/18/2012,8:57:28"
578,578,"5/10/2008,15:11:07","5/16/2008,9:27:34","5/19/2008,12:40:55","5/23/2008,12:24:43"
579,579,"8/6/2001,7:27:47","8/10/2001,8:09:48","8/15/2001,9:02:17","8/22/2001,17:13:12"
580,580,"4/22/2012,12:24:29","4/26/2012,12:11:36","5/3/2012,10:52:43","5/7/2012,16:29:15"
581,581,"6/3/2003,11:24:55","6/8/2003,10:26:57","6/15/2003,13:23:43","6/22/2003,10:48:48"
582,582,"12/30/2001,5:36:56","12/31/2001,15:24:34","1/3/2002,8:23:36","1/9/2002,15:07:09"
583,583,"1/27/2009,2:15:29","1/30/2009,13:34:26","2/3/2009,9:32:12","2/5/2009,19:31:12"
584,584,"1/12/2012,23:16:09","1/19/2012,16:10:13","1/24/2012,11:26:28","1/29/2012,16:57:53"
585,585,"4/2/2018,18:59:23","4/7/2018,16:51:56","4/10/2018,16:07:36","4/16/2018,6:58:33"
586,586,"12/22/2002,4:01:45","12/27/2002,8:12:11","1/2/2003,16:17:13","1/4/2003,11:53:46"
587,587,"6/3/2013,18:52:57","6/8/2013,13:02:43","6/13/2013,16:35:35","6/17/2013,14:28:14"
588,588,"12/4/2014,18:41:34","12/8/2014,8:31:56","12/12/2014,15:40:17","12/14/2014,8:17:35"
589,589,"12/18/2007,4:54:33","12/20/2007,9:55:31","12/23/2007,15:16:06","12/25/2007,9:17:05"
590,590,"12/5/2011,20:24:10","12/12/2011,12:28:15","12/15/2011,10:47:33","12/21/2011,14:13:54"
591,591,"2/2/2008,4:20:33","2/7/2008,10:47:44","2/8/2008,13:52:02","2/11/2008,11:05:56"
592,592,"8/31/2006,6:46:21","9/3/2006,11:49:38","9/5/2006,8:06:58","9/7/2006,15:59:21"
593,593,"11/27/2014,6:59:19","12/1/2014,10:41:37","12/8/2014,15:14:02","12/15/2014,8:15:12"
594,594,"3/19/2014,7:22:30","3/26/2014,8:19:09","3/28/2014,8:01:36","4/4/2014,15:43:29"
595,595,"10/3/2003,23:23:01","10/5/2003,15:29:09","10/8/2003,13:57:07","10/12/2003,6:05:39"
596,596,"2/5/2010,7:11:55","2/6/2010,13:06:35","2/10/2010,8:18:32","2/11/2010,6:30:45"
597,597,"10/25/2006,6:14:39","11/1/2006,10:26:14","11/3/2006,10:49:58","11/9/2006,12:10:16"
598,598,"9/25/2002,17:59:55","10/2/2002,15:02:44","10/6/2002,12:21:46","10/9/2002,15:36:32"
599,599,"4/22/2013,8:28:05","4/23/2013,15:43:52","4/27/2013,9:44:28","5/3/2013,14:25:54"
600,600,"3/19/2004,1:57:42","3/23/2004,14:56:55","3/25/2004,16:35:47","4/1/2004,9:29:24"
601,601,"2/18/2011,9:32:51","2/20/2011,9:48:06","2/26/2011,11:33:54","2/28/2011,10:09:44"
602,602,"4/25/2018,22:20:09","4/26/2018,8:41:22","4/29/2018,11:28:00","4/30/2018,11:54:01"
603,603,"8/23/2007,3:56:51","8/29/2007,13:29:00","9/3/2007,14:10:56","9/5/2007,10:27:29"
604,604,"1/14/2004,17:07:05","1/18/2004,15:36:00","1/21/2004,11:29:13","1/26/2004,17:49:31"
605,605,"1/20/2004,15:58:38","1/21/2004,12:06:46","1/23/2004,14:34:22","1/28/2004,7:19:19"
606,606,"12/26/2010,23:47:39","12/30/2010,9:34:44","1/6/2011,10:20:57","1/12/2011,11:47:18"
607,607,"8/11/2002,6:12:11","8/12/2002,8:27:19","8/14/2002,8:43:31","8/19/2002,8:04:53"
608,608,"5/28/2005,2:25:20","5/31/2005,15:35:30","6/7/2005,14:11:47","6/11/2005,16:47:03"
609,609,"12/25/2004,19:22:39","12/27/2004,15:46:19","1/3/2005,15:49:11","1/8/2005,12:18:11"
610,610,"7/16/2004,21:20:12","7/18/2004,11:59:19","7/22/2004,9:05:35","7/23/2004,12:27:36"
611,611,"10/20/2012,14:48:33","10/24/2012,16:25:50","10/31/2012,11:00:50","11/7/2012,8:36:21"
612,612,"10/9/2003,14:27:03","10/11/2003,13:46:26","10/17/2003,9:20:02","10/23/2003,11:08:02"
613,613,"2/27/2007,11:42:41","3/3/2007,16:44:59","3/8/2007,15:33:49","3/13/2007,12:15:39"
614,614,"12/19/2011,12:55:18","12/20/2011,8:18:54","12/21/2011,11:51:36","12/26/2011,14:57:54"
615,615,"4/6/2003,13:03:21","4/13/2003,11:56:01","4/20/2003,12:06:51","4/24/2003,18:30:20"
616,616,"8/31/2015,16:46:04","9/6/2015,15:58:01","9/7/2015,12:48:26","9/9/2015,12:59:36"
617,617,"4/7/2018,8:43:30","4/10/2018,14:47:09","4/13/2018,15:21:51","4/20/2018,14:24:56"
618,618,"5/26/2008,8:08:45","5/29/2008,8:30:57","5/31/2008,14:06:00","6/7/2008,17:00:01"
619,619,"5/21/2001,18:19:35","5/26/2001,8:04:53","5/28/2001,8:21:32","5/29/2001,10:38:34"
620,620,"11/17/2015,12:52:42","11/21/2015,13:51:53","11/25/2015,13:01:29","12/1/2015,16:58:57"
621,621,"3/22/2012,7:56:50","3/23/2012,11:18:16","3/29/2012,11:23:02","4/3/2012,14:03:10"
622,622,"3/7/2007,12:51:12","3/11/2007,12:35:51","3/13/2007,8:36:33","3/20/2007,8:47:28"
623,623,"4/14/2009,23:50:07","4/16/2009,13:57:26","4/23/2009,13:56:54","4/24/2009,18:40:58"
624,624,"6/14/2015,3:17:30","6/19/2015,13:01:57","6/22/2015,12:00:00","6/26/2015,10:21:27"
625,625,"2/26/2007,9:50:42","2/28/2007,10:32:47","3/3/2007,14:00:30","3/4/2007,8:58:18"
626,626,"7/18/2004,12:23:28","7/19/2004,10:12:27","7/21/2004,9:07:58","7/28/2004,6:06:07"
627,627,"11/12/2009,14:55:49","11/13/2009,14:35:50","11/19/2009,16:17:16","11/20/2009,13:46:47"
628,628,"12/16/2014,19:19:50","12/19/2014,16:00:53","12/25/2014,8:37:56","12/29/2014,12:39:49"
629,629,"9/20/2012,12:38:05","9/24/2012,11:48:12","9/30/2012,15:49:01","10/1/2012,10:49:49"
630,630,"7/16/2013,19:42:46","7/17/2013,15:48:39","7/19/2013,10:25:15","7/23/2013,17:35:41"
631,631,"7/1/2018,6:30:47","7/5/2018,16:47:00","7/6/2018,13:50:06","7/7/2018,8:09:00"
632,632,"6/5/2010,15:34:28","6/9/2010,14:01:34","6/15/2010,9:13:44","6/21/2010,19:29:15"
633,633,"5/25/2009,19:58:55","5/29/2009,8:07:02","6/5/2009,13:17:06","6/12/2009,18:58:32"
634,634,"11/14/2007,21:02:26","11/17/2007,11:19:00","11/20/2007,13:16:11","11/21/2007,10:41:21"
635,635,"8/11/2017,0:20:12","8/18/2017,13:05:56","8/25/2017,15:49:23","8/26/2017,19:22:51"
636,636,"1/19/2007,18:24:50","1/23/2007,15:59:33","1/27/2007,10:42:56","2/3/2007,19:52:06"
637,637,"3/31/2015,4:36:30","4/7/2015,16:15:45","4/9/2015,16:15:29","4/16/2015,13:49:37"
638,638,"7/16/2017,10:00:03","7/21/2017,12:47:07","7/22/2017,14:24:44","7/28/2017,7:33:25"
639,639,"6/11/2003,9:21:55","6/12/2003,13:10:51","6/15/2003,11:01:23","6/21/2003,10:15:54"
640,640,"8/3/2018,11:01:48","8/10/2018,14:44:15","8/11/2018,11:13:36","8/16/2018,16:18:41"
641,641,"6/4/2015,6:52:22","6/6/2015,13:41:11","6/7/2015,9:01:11","6/8/2015,15:20:36"
642,642,"8/15/2003,9:48:08","8/18/2003,9:07:50","8/21/2003,14:09:32","8/26/2003,10:36:24"
643,643,"11/2/2002,4:44:55","11/7/2002,13:44:53","11/9/2002,13:48:56","11/12/2002,11:12:35"
644,644,"12/7/2014,16:49:39","12/12/2014,10:55:33","12/14/2014,15:09:19","12/17/2014,6:51:11"
645,645,"10/14/2017,15:34:23","10/19/2017,8:57:27","10/26/2017,9:43:45","10/29/2017,16:57:34"
646,646,"3/27/2006,4:38:01","3/29/2006,9:28:50","4/4/2006,14:50:28","4/9/2006,9:24:36"
647,647,"7/30/2003,19:18:08","8/4/2003,10:29:28","8/10/2003,16:06:55","8/13/2003,19:14:09"
648,648,"1/17/2014,6:50:21","1/18/2014,15:10:28","1/23/2014,10:52:09","1/25/2014,16:25:30"
649,649,"1/2/2005,20:01:07","1/3/2005,11:43:56","1/5/2005,12:27:23","1/9/2005,8:07:23"
650,650,"3/7/2013,19:51:12","3/11/2013,13:08:56","3/15/2013,8:11:16","3/16/2013,11:46:41"
651,651,"9/12/2013,4:25:12","9/18/2013,8:18:47","9/22/2013,12:27:17","9/28/2013,7:09:59"
652,652,"6/21/2001,22:29:25","6/22/2001,10:02:55","6/29/2001,13:08:37","6/30/2001,14:31:18"
653,653,"12/16/2004,0:10:48","12/22/2004,15:23:48","12/24/2004,10:01:45","12/29/2004,9:48:06"
654,654,"1/18/2013,2:06:31","1/21/2013,9:59:15","1/24/2013,10:15:28","1/30/2013,15:57:56"
655,655,"9/1/2013,1:46:23","9/2/2013,14:36:41","9/4/2013,14:41:28","9/6/2013,6:26:46"
656,656,"3/3/2007,0:41:34","3/6/2007,10:40:06","3/9/2007,9:00:57","3/10/2007,10:46:41"
657,657,"2/24/2015,18:48:49","3/3/2015,9:03:39","3/10/2015,10:43:02","3/13/2015,12:44:14"
658,658,"2/21/2014,20:55:44","2/28/2014,12:14:04","3/3/2014,8:10:54","3/6/2014,14:43:26"
659,659,"4/27/2015,6:15:44","4/28/2015,9:25:05","5/1/2015,12:48:39","5/5/2015,18:28:14"
660,660,"8/1/2006,2:12:25","8/8/2006,13:02:18","8/12/2006,8:24:55","8/17/2006,10:23:52"
661,661,"1/19/2009,1:17:33","1/25/2009,14:58:01","1/27/2009,12:40:34","1/30/2009,11:26:36"
662,662,"8/29/2003,22:22:49","9/3/2003,8:47:16","9/5/2003,11:30:36","9/9/2003,10:52:18"
663,663,"5/3/2017,4:00:32","5/4/2017,16:16:42","5/7/2017,9:11:20","5/10/2017,6:40:52"
664,664,"3/23/2010,12:42:37","3/30/2010,16:47:06","3/31/2010,16:30:43","4/1/2010,15:36:42"
665,665,"1/4/2003,10:48:34","1/8/2003,14:29:38","1/11/2003,11:40:44","1/18/2003,18:04:38"
666,666,"1/20/2003,19:37:44","1/25/2003,14:33:57","1/29/2003,14:01:44","2/3/2003,10:03:37"
667,667,"4/4/2007,11:11:30","4/5/2007,16:08:26","4/6/2007,16:31:13","4/10/2007,19:37:56"
668,668,"9/26/2014,16:53:51","10/2/2014,13:08:45","10/4/2014,9:55:55","10/7/2014,9:36:24"
669,669,"12/15/2008,12:52:12","12/22/2008,11:37:52","12/29/2008,14:16:45","1/1/2009,8:17:52"
670,670,"9/27/2016,14:38:04","10/3/2016,12:13:01","10/5/2016,14:17:32","10/10/2016,18:57:13"
671,671,"5/17/2014,17:58:06","5/18/2014,16:24:54","5/20/2014,12:27:59","5/26/2014,14:02:12"
672,672,"10/15/2004,1:24:40","10/21/2004,16:51:44","10/23/2004,11:58:09","10/29/2004,12:21:09"
673,673,"1/8/2008,21:46:24","1/14/2008,8:55:40","1/15/2008,16:28:05","1/20/2008,15:40:37"
674,674,"6/7/2006,16:08:49","6/14/2006,10:01:30","6/18/2006,16:32:06","6/25/2006,17:12:17"
675,675,"10/21/2016,3:28:53","10/26/2016,15:47:47","11/1/2016,8:42:38","11/8/2016,9:13:29"
676,676,"8/28/2016,19:06:30","8/31/2016,13:53:19","9/3/2016,15:30:28","9/5/2016,18:07:50"
677,677,"11/17/2018,16:46:18","11/19/2018,13:48:26","11/25/2018,16:35:15","12/2/2018,19:18:08"
678,678,"3/27/2018,19:52:36","3/29/2018,11:19:37","3/30/2018,12:49:19","4/2/2018,10:36:32"
679,679,"12/31/2005,3:34:50","1/5/2006,14:47:40","1/11/2006,16:25:35","1/14/2006,19:25:38"
680,680,"10/25/2013,0:20:52","10/31/2013,11:17:29","11/1/2013,8:53:15","11/3/2013,18:25:17"
681,681,"5/28/2008,20:54:55","6/1/2008,12:38:32","6/7/2008,14:39:39","6/9/2008,8:45:29"
682,682,"11/27/2009,22:05:48","12/1/2009,10:36:44","12/2/2009,8:14:09","12/9/2009,14:47:02"
683,683,"3/14/2005,14:00:47","3/16/2005,15:10:59","3/19/2005,12:22:26","3/24/2005,6:10:54"
684,684,"6/29/2017,19:10:01","7/3/2017,11:02:53","7/7/2017,15:00:42","7/14/2017,19:18:33"
685,685,"8/23/2002,3:13:50","8/30/2002,8:26:14","9/2/2002,15:22:25","9/6/2002,16:28:14"
686,686,"7/1/2011,2:21:27","7/8/2011,11:30:37","7/14/2011,8:41:42","7/20/2011,8:01:07"
687,687,"2/17/2004,16:49:01","2/22/2004,14:38:12","2/27/2004,15:32:04","3/3/2004,7:44:53"
688,688,"6/27/2014,7:32:29","7/3/2014,14:20:47","7/6/2014,8:25:59","7/8/2014,15:24:16"
689,689,"8/14/2015,0:33:43","8/16/2015,16:42:10","8/19/2015,14:04:49","8/20/2015,13:59:45"
690,690,"4/6/2010,19:37:46","4/9/2010,13:36:36","4/11/2010,10:49:09","4/15/2010,15:45:36"
691,691,"3/10/2009,5:07:03","3/15/2009,8:31:40","3/17/2009,15:58:14","3/19/2009,7:35:50"
692,692,"8/14/2006,13:41:08","8/19/2006,16:32:59","8/20/2006,14:41:59","8/21/2006,10:27:08"
693,693,"10/9/2009,22:58:28","10/10/2009,13:10:11","10/11/2009,10:14:41","10/15/2009,18:19:41"
694,694,"10/26/2001,6:37:53","11/1/2001,14:42:08","11/8/2001,14:06:59","11/10/2001,13:02:20"
695,695,"11/24/2016,7:15:42","11/28/2016,9:55:01","12/4/2016,10:35:34","12/9/2016,15:24:33"
696,696,"4/16/2014,23:58:26","4/23/2014,9:51:00","4/25/2014,15:56:34","4/26/2014,12:41:15"
697,697,"9/17/2013,18:11:25","9/21/2013,16:32:03","9/23/2013,14:31:35","9/27/2013,19:41:44"
698,698,"1/31/2018,21:23:38","2/5/2018,12:44:55","2/10/2018,11:28:51","2/12/2018,10:01:57"
699,699,"7/22/2015,13:46:09","7/24/2015,16:26:44","7/26/2015,12:12:28","7/30/2015,18:24:44"
700,700,"12/8/2005,22:11:14","12/13/2005,11:16:54","12/19/2005,9:49:57","12/26/2005,18:10:46"
701,701,"11/9/2010,18:48:09","11/10/2010,16:53:31","11/11/2010,10:08:22","11/15/2010,7:40:42"
702,702,"7/8/2007,23:41:46","7/11/2007,11:36:55","7/12/2007,9:30:55","7/16/2007,8:56:03"
703,703,"7/11/2008,16:55:28","7/15/2008,10:36:57","7/22/2008,16:33:39","7/25/2008,14:06:04"
704,704,"1/8/2013,17:31:37","1/10/2013,11:44:30","1/15/2013,14:45:02","1/18/2013,13:24:04"
705,705,"4/22/2017,6:00:19","4/23/2017,10:49:26","4/27/2017,9:06:55","4/30/2017,12:27:42"
706,706,"7/3/2001,2:28:11","7/5/2001,14:35:26","7/7/2001,11:26:09","7/10/2001,11:00:19"
707,707,"6/28/2013,20:59:49","7/2/2013,12:11:07","7/7/2013,9:08:09","7/13/2013,14:21:37"
708,708,"1/9/2014,11:13:50","1/15/2014,10:46:46","1/17/2014,16:45:26","1/24/2014,13:33:47"
709,709,"5/3/2017,21:39:59","5/6/2017,14:05:10","5/13/2017,9:31:45","5/16/2017,7:48:22"
710,710,"8/20/2015,23:46:22","8/26/2015,15:08:59","8/30/2015,12:30:48","9/6/2015,10:03:55"
711,711,"7/21/2015,3:19:51","7/24/2015,12:11:01","7/31/2015,16:14:52","8/1/2015,16:22:24"
712,712,"5/4/2002,9:20:48","5/9/2002,9:10:30","5/11/2002,11:21:04","5/17/2002,17:02:53"
713,713,"12/17/2013,4:49:26","12/22/2013,14:13:23","12/24/2013,10:51:26","12/25/2013,14:31:48"
714,714,"5/23/2002,11:45:08","5/28/2002,14:21:52","5/29/2002,14:34:46","5/31/2002,19:16:13"
715,715,"10/29/2006,17:03:47","11/5/2006,16:37:38","11/9/2006,14:26:29","11/11/2006,9:02:57"
716,716,"2/2/2015,6:04:44","2/8/2015,13:05:34","2/11/2015,11:11:29","2/15/2015,10:56:50"
717,717,"12/13/2000,17:58:59","12/14/2000,15:13:35","12/17/2000,9:36:18","12/22/2000,12:47:05"
718,718,"1/31/2007,16:56:53","2/2/2007,14:25:37","2/8/2007,16:39:51","2/9/2007,14:34:52"
719,719,"8/14/2005,9:22:36","8/17/2005,11:07:00","8/20/2005,12:19:54","8/27/2005,16:40:37"
720,720,"6/8/2013,8:38:46","6/10/2013,10:30:25","6/11/2013,15:19:04","6/17/2013,14:16:10"
721,721,"9/20/2006,13:15:46","9/24/2006,15:08:39","9/27/2006,12:15:46","10/4/2006,6:09:11"
722,722,"10/28/2010,11:37:30","11/1/2010,8:55:15","11/4/2010,12:03:32","11/5/2010,16:20:42"
723,723,"6/14/2009,0:43:29","6/17/2009,9:56:44","6/20/2009,12:33:28","6/23/2009,8:18:13"
724,724,"9/12/2008,20:49:25","9/15/2008,16:19:50","9/18/2008,14:45:50","9/23/2008,15:14:28"
725,725,"8/30/2006,8:29:19","9/2/2006,16:19:45","9/6/2006,10:12:30","9/9/2006,6:25:36"
726,726,"1/29/2012,23:00:45","1/31/2012,16:21:13","2/6/2012,11:41:23","2/10/2012,6:41:16"
727,727,"12/28/2008,0:22:45","1/3/2009,10:26:18","1/9/2009,12:23:59","1/15/2009,12:18:30"
728,728,"6/20/2016,20:06:31","6/27/2016,10:13:17","7/4/2016,13:55:58","7/10/2016,6:35:30"
729,729,"6/17/2003,18:55:44","6/18/2003,15:50:27","6/20/2003,12:46:36","6/24/2003,8:59:25"
730,730,"11/1/2011,16:41:50","11/8/2011,15:12:12","11/10/2011,10:51:18","11/12/2011,12:42:22"
731,731,"6/18/2009,17:48:12","6/20/2009,8:44:58","6/26/2009,15:14:18","6/28/2009,6:22:16"
732,732,"11/4/2009,13:51:59","11/11/2009,9:14:22","11/12/2009,13:38:09","11/13/2009,10:48:52"
733,733,"11/27/2012,23:39:37","11/28/2012,13:09:36","12/4/2012,13:36:20","12/6/2012,13:59:10"
734,734,"6/22/2005,22:08:19","6/27/2005,16:01:26","7/2/2005,10:02:34","7/3/2005,10:09:05"
735,735,"11/25/2006,12:23:28","11/27/2006,13:11:01","11/29/2006,16:25:45","12/5/2006,11:07:50"
736,736,"12/28/2005,9:46:33","12/31/2005,14:21:36","1/1/2006,9:55:31","1/8/2006,7:03:47"
737,737,"4/30/2003,18:59:55","5/7/2003,16:17:40","5/10/2003,8:14:35","5/13/2003,17:51:00"
738,738,"1/9/2018,21:27:59","1/16/2018,8:30:38","1/20/2018,12:45:10","1/22/2018,7:15:45"
739,739,"2/18/2014,9:52:37","2/24/2014,14:31:00","2/27/2014,16:42:21","3/5/2014,7:27:37"
740,740,"3/26/2008,16:39:58","4/1/2008,8:07:36","4/8/2008,14:47:29","4/15/2008,16:08:02"
741,741,"10/31/2013,0:17:33","11/1/2013,16:07:57","11/7/2013,11:18:54","11/8/2013,12:50:21"
742,742,"5/17/2013,23:52:10","5/24/2013,9:00:21","5/30/2013,8:23:57","6/2/2013,19:21:34"
743,743,"7/12/2009,11:44:08","7/19/2009,13:23:37","7/21/2009,9:26:13","7/25/2009,19:13:53"
744,744,"7/11/2016,12:12:42","7/16/2016,15:09:40","7/21/2016,11:47:30","7/24/2016,11:31:49"
745,745,"9/18/2001,3:03:45","9/19/2001,9:51:32","9/22/2001,12:13:12","9/28/2001,16:50:44"
746,746,"4/29/2006,23:29:18","5/4/2006,13:20:33","5/7/2006,13:51:42","5/9/2006,7:15:03"
747,747,"10/31/2009,4:21:55","11/3/2009,16:50:15","11/4/2009,10:07:02","11/11/2009,12:55:02"
748,748,"1/14/2013,11:41:20","1/16/2013,15:01:09","1/23/2013,9:45:48","1/27/2013,15:51:06"
749,749,"6/1/2009,11:05:00","6/5/2009,14:28:45","6/12/2009,10:53:47","6/13/2009,17:36:42"
750,750,"2/26/2008,10:13:06","3/3/2008,16:09:07","3/6/2008,9:31:16","3/13/2008,10:53:00"
751,751,"1/12/2018,9:34:42","1/17/2018,14:05:18","1/24/2018,15:02:57","1/28/2018,17:29:21"
752,752,"5/13/2006,4:15:31","5/17/2006,12:38:57","5/23/2006,12:34:50","5/24/2006,6:22:38"
753,753,"4/25/2012,22:49:14","4/30/2012,9:54:18","5/3/2012,15:40:11","5/6/2012,19:19:40"
754,754,"4/20/2013,15:10:02","4/26/2013,15:24:56","4/29/2013,8:46:52","5/6/2013,10:30:43"
755,755,"5/23/2008,18:43:22","5/29/2008,10:49:20","5/30/2008,8:53:09","5/31/2008,6:46:59"
756,756,"2/1/2012,19:46:37","2/7/2012,15:17:40","2/9/2012,8:16:22","2/12/2012,14:52:46"
757,757,"6/21/2013,23:36:01","6/25/2013,15:26:42","7/2/2013,15:37:16","7/3/2013,14:31:14"
758,758,"11/11/2002,22:41:25","11/16/2002,16:37:09","11/21/2002,10:40:47","11/22/2002,11:54:07"
759,759,"4/7/2007,8:19:58","4/12/2007,10:30:49","4/18/2007,16:41:30","4/20/2007,14:49:24"
760,760,"12/27/2013,6:05:35","12/29/2013,11:44:25","1/3/2014,10:42:41","1/8/2014,8:54:56"
761,761,"11/20/2015,11:21:50","11/25/2015,15:13:01","11/27/2015,13:50:35","11/29/2015,19:03:20"
762,762,"2/18/2015,7:28:58","2/21/2015,13:16:00","2/27/2015,14:01:00","3/5/2015,10:19:58"
763,763,"4/26/2010,15:02:47","4/27/2010,12:44:31","4/30/2010,10:54:09","5/7/2010,10:39:59"
764,764,"7/7/2003,8:40:57","7/11/2003,16:49:10","7/14/2003,12:25:31","7/15/2003,11:02:20"
765,765,"1/12/2015,15:42:02","1/14/2015,9:35:44","1/17/2015,16:05:57","1/18/2015,10:06:20"
766,766,"11/12/2016,5:25:43","11/13/2016,11:31:07","11/17/2016,13:08:31","11/19/2016,10:10:08"
767,767,"10/20/2006,2:53:07","10/26/2006,16:16:27","11/1/2006,10:47:29","11/6/2006,8:39:49"
768,768,"3/7/2004,0:52:36","3/9/2004,10:16:25","3/16/2004,9:35:35","3/23/2004,18:39:25"
769,769,"12/29/2004,21:03:15","1/5/2005,10:27:40","1/11/2005,12:06:54","1/13/2005,19:07:28"
770,770,"7/29/2005,7:23:26","8/4/2005,16:47:18","8/6/2005,9:40:46","8/12/2005,17:28:46"
771,771,"9/18/2008,13:34:58","9/20/2008,9:02:13","9/21/2008,15:08:20","9/24/2008,14:48:46"
772,772,"11/2/2004,20:32:28","11/5/2004,16:24:10","11/9/2004,10:26:56","11/16/2004,10:55:13"
773,773,"4/19/2016,3:45:51","4/22/2016,16:11:45","4/27/2016,8:05:12","5/1/2016,8:06:42"
774,774,"1/7/2001,19:27:01","1/11/2001,12:19:04","1/16/2001,13:27:52","1/22/2001,8:46:03"
775,775,"6/3/2014,15:35:49","6/9/2014,10:52:31","6/14/2014,12:25:42","6/20/2014,10:32:32"
776,776,"10/12/2014,5:44:49","10/18/2014,16:41:56","10/21/2014,10:24:01","10/25/2014,7:43:58"
777,777,"2/22/2016,0:16:15","2/27/2016,14:34:04","3/4/2016,8:50:24","3/10/2016,15:02:27"
778,778,"3/18/2005,22:13:43","3/19/2005,9:36:55","3/26/2005,14:00:07","4/2/2005,19:47:09"
779,779,"9/10/2010,15:38:12","9/14/2010,14:39:28","9/19/2010,14:19:12","9/26/2010,14:35:27"
780,780,"8/28/2015,9:02:36","8/31/2015,8:39:02","9/4/2015,13:57:02","9/10/2015,16:45:15"
781,781,"9/21/2011,3:20:13","9/27/2011,11:48:48","10/3/2011,16:03:24","10/10/2011,19:49:08"
782,782,"10/23/2014,6:59:10","10/27/2014,8:47:50","10/30/2014,14:37:11","11/6/2014,14:03:41"
783,783,"10/3/2002,21:41:48","10/6/2002,9:04:18","10/11/2002,16:19:17","10/17/2002,15:19:42"
784,784,"4/12/2009,2:22:16","4/15/2009,15:10:02","4/21/2009,15:21:26","4/22/2009,9:17:11"
785,785,"3/26/2016,12:44:44","4/2/2016,8:20:49","4/5/2016,14:21:52","4/10/2016,10:48:04"
786,786,"10/18/2004,20:16:51","10/20/2004,11:01:20","10/24/2004,9:56:35","10/26/2004,16:55:18"
787,787,"12/1/2000,20:08:36","12/7/2000,12:37:23","12/12/2000,9:22:49","12/18/2000,18:12:06"
788,788,"5/18/2018,11:56:09","5/19/2018,11:01:29","5/23/2018,14:18:42","5/29/2018,13:06:20"
789,789,"12/26/2006,8:20:28","12/30/2006,14:49:07","1/2/2007,14:32:58","1/3/2007,16:28:17"
790,790,"2/18/2016,10:42:07","2/23/2016,11:00:19","2/24/2016,15:33:48","2/29/2016,13:24:23"
791,791,"8/13/2005,20:42:38","8/19/2005,11:29:29","8/26/2005,16:48:46","8/30/2005,14:53:22"
792,792,"6/4/2008,16:19:45","6/5/2008,14:13:18","6/8/2008,12:49:32","6/13/2008,16:14:46"
793,793,"5/6/2013,7:54:44","5/12/2013,11:46:40","5/16/2013,8:30:47","5/17/2013,6:05:45"
794,794,"8/27/2007,8:45:20","9/2/2007,14:22:43","9/6/2007,15:38:20","9/8/2007,8:47:01"
795,795,"2/2/2015,9:12:04","2/9/2015,9:00:36","2/16/2015,8:06:28","2/19/2015,11:24:05"
796,796,"2/15/2016,9:18:25","2/22/2016,12:44:03","2/27/2016,11:57:04","3/1/2016,12:43:27"
797,797,"11/6/2010,15:45:15","11/8/2010,8:09:34","11/10/2010,12:20:24","11/16/2010,18:37:38"
798,798,"11/8/2011,5:01:48","11/10/2011,8:55:41","11/11/2011,10:45:08","11/12/2011,10:52:19"
799,799,"4/19/2018,20:20:08","4/26/2018,8:42:06","5/3/2018,9:54:46","5/6/2018,14:10:02"
800,800,"10/21/2008,12:02:32","10/26/2008,8:11:18","10/28/2008,15:03:52","10/29/2008,18:39:58"
801,801,"12/4/2014,21:29:23","12/9/2014,12:08:13","12/11/2014,10:35:30","12/17/2014,10:11:39"
802,802,"9/14/2014,21:37:51","9/18/2014,11:10:52","9/21/2014,10:39:43","9/22/2014,17:12:47"
803,803,"10/18/2013,11:24:59","10/23/2013,8:28:05","10/25/2013,15:19:15","10/28/2013,18:10:35"
804,804,"1/13/2004,7:35:08","1/19/2004,14:30:55","1/20/2004,8:42:59","1/25/2004,13:18:00"
805,805,"1/21/2004,1:05:26","1/27/2004,12:16:25","2/3/2004,8:34:10","2/6/2004,14:19:21"
806,806,"8/30/2016,8:35:01","9/4/2016,14:55:18","9/11/2016,16:47:38","9/14/2016,10:51:03"
807,807,"7/24/2018,5:26:36","7/27/2018,11:11:03","7/31/2018,12:52:21","8/6/2018,6:41:32"
808,808,"9/27/2004,10:27:50","9/28/2004,16:32:03","10/4/2004,8:30:52","10/8/2004,12:12:34"
809,809,"6/25/2018,10:32:06","6/26/2018,15:46:38","6/30/2018,8:40:17","7/5/2018,13:54:00"
810,810,"3/28/2013,11:25:30","4/3/2013,16:01:25","4/7/2013,9:56:08","4/11/2013,14:28:14"
811,811,"5/19/2001,21:47:21","5/22/2001,9:07:45","5/29/2001,11:41:54","6/3/2001,14:01:54"
812,812,"10/14/2005,11:05:04","10/16/2005,15:47:19","10/22/2005,15:48:14","10/28/2005,16:07:58"
813,813,"3/2/2018,12:20:24","3/6/2018,12:15:45","3/12/2018,16:30:35","3/16/2018,18:14:21"
814,814,"11/5/2009,4:28:44","11/12/2009,10:09:58","11/14/2009,15:00:08","11/19/2009,14:05:28"
815,815,"10/18/2015,5:09:57","10/24/2015,9:55:49","10/27/2015,11:33:21","11/1/2015,19:11:54"
816,816,"2/25/2018,0:41:01","3/4/2018,10:19:59","3/7/2018,14:49:56","3/11/2018,7:24:13"
817,817,"12/1/2008,1:25:37","12/7/2008,12:49:47","12/8/2008,15:36:56","12/11/2008,13:35:17"
818,818,"12/15/2004,22:04:32","12/18/2004,12:32:28","12/21/2004,12:52:28","12/28/2004,18:38:26"
819,819,"5/20/2008,16:48:23","5/24/2008,9:23:13","5/31/2008,9:03:28","6/5/2008,14:39:13"
820,820,"2/6/2015,14:56:01","2/10/2015,11:29:20","2/11/2015,13:24:19","2/14/2015,17:38:42"
821,821,"11/28/2015,4:22:52","12/2/2015,10:16:59","12/7/2015,9:00:16","12/11/2015,19:12:23"
822,822,"8/11/2015,10:39:10","8/13/2015,16:04:18","8/14/2015,12:29:36","8/21/2015,12:03:13"
823,823,"5/5/2016,6:18:45","5/12/2016,9:01:13","5/16/2016,11:44:43","5/20/2016,8:35:52"
824,824,"2/19/2012,13:22:29","2/21/2012,10:34:40","2/28/2012,15:16:50","3/5/2012,12:44:10"
825,825,"2/26/2016,11:29:52","3/3/2016,9:33:34","3/10/2016,12:22:53","3/17/2016,10:35:08"
826,826,"12/9/2007,19:56:20","12/12/2007,12:49:05","12/18/2007,13:10:00","12/25/2007,8:12:16"
827,827,"10/31/2012,18:43:05","11/5/2012,13:56:04","11/11/2012,10:37:42","11/12/2012,9:29:14"
828,828,"7/20/2018,21:00:24","7/24/2018,14:03:38","7/25/2018,9:30:09","7/31/2018,6:06:18"
829,829,"5/20/2014,16:32:21","5/22/2014,15:20:53","5/26/2014,15:36:55","6/1/2014,13:04:28"
830,830,"2/20/2004,19:21:10","2/27/2004,12:02:51","3/3/2004,9:45:49","3/10/2004,18:32:12"
831,831,"4/11/2011,5:50:54","4/14/2011,9:27:00","4/15/2011,8:38:43","4/18/2011,12:40:40"
832,832,"4/14/2017,7:13:02","4/17/2017,11:52:16","4/18/2017,12:54:43","4/23/2017,6:21:47"
833,833,"7/2/2017,23:45:30","7/3/2017,8:57:53","7/9/2017,16:06:49","7/13/2017,17:13:00"
834,834,"9/30/2003,3:29:25","10/4/2003,8:03:32","10/11/2003,13:30:06","10/12/2003,9:15:35"
835,835,"9/26/2005,1:25:47","9/27/2005,9:16:42","10/2/2005,15:08:19","10/5/2005,7:42:06"
836,836,"8/2/2003,17:02:35","8/3/2003,11:34:56","8/10/2003,9:59:02","8/12/2003,18:09:25"
837,837,"8/22/2016,5:59:18","8/25/2016,14:00:44","8/26/2016,12:26:03","9/2/2016,8:09:37"
838,838,"12/9/2013,15:01:42","12/11/2013,13:06:43","12/18/2013,12:18:39","12/24/2013,15:40:55"
839,839,"9/27/2002,18:54:11","10/4/2002,8:40:51","10/8/2002,8:48:51","10/15/2002,13:55:16"
840,840,"2/24/2009,2:26:46","2/26/2009,10:25:51","3/3/2009,11:42:08","3/8/2009,16:43:30"
841,841,"7/31/2006,23:04:14","8/3/2006,16:19:09","8/6/2006,16:07:52","8/7/2006,7:07:09"
842,842,"7/4/2010,14:12:27","7/5/2010,14:00:59","7/6/2010,16:12:03","7/13/2010,19:04:02"
843,843,"4/20/2017,4:01:23","4/22/2017,15:51:06","4/29/2017,12:38:00","5/4/2017,12:47:31"
844,844,"6/29/2007,20:00:42","7/5/2007,8:44:21","7/12/2007,13:25:42","7/15/2007,14:36:17"
845,845,"3/19/2006,20:38:05","3/20/2006,14:11:18","3/26/2006,14:09:17","3/31/2006,7:54:53"
846,846,"12/23/2015,16:48:17","12/26/2015,14:50:10","12/30/2015,12:10:04","1/2/2016,19:44:32"
847,847,"6/27/2012,12:55:00","6/30/2012,11:41:38","7/7/2012,8:25:12","7/13/2012,19:14:17"
848,848,"6/12/2013,22:23:25","6/19/2013,15:14:29","6/21/2013,9:47:50","6/22/2013,18:20:36"
849,849,"8/26/2017,10:49:20","8/31/2017,11:37:44","9/1/2017,8:35:38","9/7/2017,10:48:53"
850,850,"11/4/2007,12:35:49","11/8/2007,11:57:01","11/10/2007,10:11:08","11/12/2007,15:38:20"
851,851,"11/14/2015,20:19:45","11/16/2015,15:56:01","11/20/2015,11:23:45","11/21/2015,15:01:16"
852,852,"10/31/2003,1:07:34","11/6/2003,12:35:02","11/12/2003,15:19:14","11/13/2003,15:03:48"
853,853,"6/14/2005,21:54:12","6/19/2005,9:13:18","6/23/2005,10:12:32","6/24/2005,18:22:39"
854,854,"1/17/2010,11:26:13","1/19/2010,9:33:01","1/21/2010,10:20:15","1/24/2010,13:13:53"
855,855,"9/27/2006,22:47:39","9/30/2006,9:27:11","10/1/2006,14:15:01","10/7/2006,7:27:37"
856,856,"2/8/2017,19:22:41","2/11/2017,10:38:05","2/17/2017,9:14:52","2/22/2017,9:10:35"
857,857,"4/27/2009,7:50:56","4/28/2009,14:49:53","5/4/2009,13:37:40","5/6/2009,14:51:49"
858,858,"10/3/2011,14:52:36","10/9/2011,13:39:51","10/11/2011,9:00:25","10/12/2011,7:40:33"
859,859,"7/21/2010,20:07:45","7/22/2010,15:41:42","7/25/2010,10:32:59","7/30/2010,8:40:57"
860,860,"7/14/2017,13:49:38","7/18/2017,12:11:54","7/22/2017,14:32:47","7/25/2017,9:54:45"
861,861,"2/27/2003,6:01:02","3/4/2003,14:12:59","3/6/2003,8:10:29","3/7/2003,11:37:47"
862,862,"8/13/2018,11:11:02","8/18/2018,9:08:05","8/21/2018,8:11:30","8/27/2018,11:21:45"
863,863,"12/16/2015,9:59:55","12/20/2015,12:51:39","12/27/2015,9:17:01","12/30/2015,14:10:21"
864,864,"3/15/2005,0:56:39","3/18/2005,11:17:43","3/25/2005,13:48:04","3/29/2005,10:02:16"
865,865,"11/15/2004,23:13:41","11/21/2004,11:42:16","11/24/2004,16:31:50","11/26/2004,15:17:36"
866,866,"2/28/2010,3:47:40","3/2/2010,14:49:53","3/9/2010,15:42:43","3/16/2010,11:17:36"
867,867,"1/8/2017,8:56:29","1/9/2017,14:34:23","1/11/2017,11:18:55","1/12/2017,15:06:30"
868,868,"2/7/2016,13:40:45","2/9/2016,16:07:02","2/16/2016,11:11:44","2/20/2016,9:01:08"
869,869,"12/15/2003,6:46:20","12/21/2003,8:30:28","12/27/2003,11:41:56","1/1/2004,14:28:13"
870,870,"3/4/2011,9:18:36","3/10/2011,10:44:39","3/11/2011,12:17:23","3/15/2011,7:30:28"
871,871,"8/16/2018,5:36:25","8/17/2018,8:16:45","8/19/2018,15:40:12","8/21/2018,13:30:10"
872,872,"10/27/2002,3:57:14","10/28/2002,9:05:20","10/30/2002,8:46:09","11/2/2002,18:48:51"
873,873,"6/20/2010,20:49:15","6/24/2010,16:02:22","7/1/2010,15:32:29","7/3/2010,19:38:06"
874,874,"9/18/2006,6:06:01","9/24/2006,15:36:14","9/26/2006,9:09:50","10/2/2006,14:50:29"
875,875,"2/25/2017,15:07:19","2/27/2017,9:31:09","2/28/2017,11:58:31","3/4/2017,17:21:53"
876,876,"11/21/2017,22:39:08","11/22/2017,16:20:09","11/29/2017,9:58:00","12/1/2017,14:54:48"
877,877,"2/7/2007,15:03:34","2/11/2007,15:37:32","2/14/2007,8:18:54","2/16/2007,7:42:57"
878,878,"12/20/2001,10:01:45","12/27/2001,16:28:27","1/3/2002,16:09:20","1/10/2002,19:15:50"
879,879,"1/1/2005,1:20:53","1/6/2005,16:25:54","1/8/2005,12:05:38","1/13/2005,8:25:42"
880,880,"11/28/2005,15:26:11","12/3/2005,9:36:46","12/6/2005,16:15:58","12/9/2005,9:58:51"
881,881,"1/8/2011,1:36:38","1/12/2011,10:29:58","1/17/2011,12:19:01","1/22/2011,14:00:28"
882,882,"1/25/2006,4:50:18","1/26/2006,13:20:19","2/1/2006,11:49:46","2/2/2006,14:54:40"
883,883,"5/12/2004,18:12:10","5/16/2004,12:42:09","5/23/2004,8:49:30","5/28/2004,18:29:07"
884,884,"12/7/2002,1:49:00","12/13/2002,16:11:45","12/17/2002,14:27:46","12/19/2002,9:51:23"
885,885,"5/3/2011,15:54:44","5/10/2011,8:09:30","5/13/2011,8:37:23","5/16/2011,14:52:50"
886,886,"12/24/2002,22:21:46","12/28/2002,16:32:37","1/3/2003,11:55:13","1/6/2003,15:35:40"
887,887,"4/17/2008,1:04:06","4/22/2008,12:39:55","4/25/2008,15:19:36","4/29/2008,9:03:13"
888,888,"5/15/2010,14:33:37","5/20/2010,8:21:57","5/27/2010,14:59:23","5/30/2010,8:39:32"
889,889,"1/22/2015,5:16:45","1/25/2015,11:37:49","1/28/2015,12:22:45","2/1/2015,16:27:03"
890,890,"4/3/2008,20:01:29","4/7/2008,8:41:07","4/12/2008,14:05:08","4/16/2008,16:37:19"
891,891,"10/17/2007,3:50:01","10/18/2007,13:43:51","10/20/2007,12:25:39","10/25/2007,7:30:15"
892,892,"3/12/2010,5:10:03","3/15/2010,12:33:44","3/21/2010,12:30:40","3/26/2010,17:01:36"
893,893,"1/31/2018,9:49:37","2/5/2018,14:14:36","2/9/2018,14:51:39","2/11/2018,10:55:22"
894,894,"11/29/2004,16:37:29","12/2/2004,11:48:22","12/9/2004,15:48:21","12/10/2004,19:28:31"
895,895,"1/30/2013,19:06:43","2/3/2013,8:08:08","2/7/2013,12:40:49","2/14/2013,10:43:04"
896,896,"2/23/2001,19:29:35","2/25/2001,13:55:08","2/26/2001,9:48:17","3/5/2001,16:18:20"
897,897,"4/24/2006,7:57:45","4/26/2006,15:59:21","4/27/2006,11:19:22","4/30/2006,7:16:03"
898,898,"5/30/2010,20:17:55","6/6/2010,10:48:00","6/7/2010,15:21:54","6/8/2010,17:12:42"
899,899,"5/23/2016,14:03:14","5/30/2016,8:12:46","6/4/2016,15:55:51","6/6/2016,13:55:14"
900,900,"1/17/2002,6:02:07","1/22/2002,11:23:39","1/25/2002,8:39:03","1/29/2002,8:29:13"
901,901,"1/19/2010,9:53:36","1/26/2010,13:42:10","1/27/2010,9:17:51","2/1/2010,9:19:35"
902,902,"12/5/2014,9:32:40","12/9/2014,12:58:07","12/14/2014,11:16:02","12/20/2014,17:33:05"
903,903,"8/18/2003,1:04:40","8/23/2003,10:44:16","8/25/2003,13:51:47","8/27/2003,15:53:12"
904,904,"3/26/2003,16:57:20","3/31/2003,14:28:57","4/6/2003,12:55:46","4/12/2003,8:52:49"
905,905,"3/2/2003,23:11:55","3/3/2003,10:18:10","3/7/2003,11:32:17","3/13/2003,17:13:39"
906,906,"12/21/2009,4:49:12","12/27/2009,12:29:25","12/29/2009,11:12:01","12/30/2009,8:30:50"
907,907,"10/12/2014,19:50:06","10/19/2014,9:18:12","10/23/2014,11:21:15","10/29/2014,15:14:29"
908,908,"11/18/2001,14:49:25","11/20/2001,14:43:57","11/25/2001,12:54:46","11/28/2001,15:49:19"
909,909,"9/29/2008,5:14:13","10/6/2008,15:19:45","10/12/2008,8:27:49","10/18/2008,19:44:53"
910,910,"10/17/2015,6:12:41","10/19/2015,8:45:30","10/20/2015,15:45:34","10/24/2015,18:27:35"
911,911,"6/9/2004,18:45:13","6/13/2004,9:23:09","6/15/2004,10:37:05","6/22/2004,9:19:07"
912,912,"11/30/2016,1:17:56","12/1/2016,12:33:23","12/2/2016,14:18:39","12/3/2016,11:29:57"
913,913,"10/29/2006,6:11:20","11/2/2006,8:19:54","11/8/2006,12:37:23","11/15/2006,14:10:19"
914,914,"4/15/2013,14:25:10","4/22/2013,14:50:51","4/29/2013,12:17:57","5/3/2013,17:16:59"
915,915,"11/19/2002,9:50:08","11/26/2002,12:18:09","11/29/2002,14:12:49","12/2/2002,16:43:49"
916,916,"4/28/2009,10:31:10","5/4/2009,10:03:20","5/8/2009,10:29:47","5/9/2009,13:09:02"
917,917,"9/15/2005,19:07:51","9/19/2005,13:29:56","9/22/2005,11:07:11","9/28/2005,7:23:20"
918,918,"2/5/2002,14:30:29","2/8/2002,8:41:45","2/13/2002,9:06:10","2/17/2002,19:47:03"
919,919,"10/25/2001,22:14:48","10/27/2001,12:10:34","11/3/2001,10:33:02","11/8/2001,11:49:31"
920,920,"1/19/2005,20:03:09","1/24/2005,12:09:02","1/26/2005,13:26:21","2/2/2005,16:51:57"
921,921,"1/30/2003,8:07:52","1/31/2003,15:48:34","2/1/2003,15:39:40","2/4/2003,18:10:27"
922,922,"6/22/2013,10:58:37","6/29/2013,12:31:56","7/2/2013,8:58:09","7/7/2013,10:01:28"
923,923,"1/24/2003,13:16:55","1/29/2003,12:01:14","1/30/2003,9:04:11","2/3/2003,12:32:52"
924,924,"10/25/2010,10:40:02","10/29/2010,9:24:45","11/4/2010,8:08:37","11/10/2010,19:43:04"
925,925,"11/25/2003,16:33:58","11/30/2003,12:13:50","12/7/2003,16:14:37","12/12/2003,15:42:30"
926,926,"3/15/2008,5:47:31","3/17/2008,13:58:27","3/23/2008,12:45:38","3/30/2008,11:36:41"
927,927,"4/26/2001,9:56:52","4/28/2001,9:48:15","4/29/2001,12:01:09","5/6/2001,7:07:12"
928,928,"12/8/2013,10:22:38","12/12/2013,12:07:50","12/15/2013,12:07:50","12/19/2013,19:18:03"
929,929,"6/3/2007,4:51:29","6/7/2007,16:33:06","6/10/2007,12:41:26","6/15/2007,11:47:13"
930,930,"12/15/2004,8:13:11","12/19/2004,8:24:23","12/21/2004,8:53:00","12/25/2004,16:04:44"
931,931,"6/28/2002,23:31:44","7/5/2002,11:00:46","7/8/2002,8:26:08","7/12/2002,15:01:38"
932,932,"9/13/2014,8:02:32","9/14/2014,15:01:36","9/18/2014,16:46:24","9/22/2014,17:14:54"
933,933,"4/21/2010,8:45:25","4/27/2010,12:32:22","4/30/2010,9:18:45","5/5/2010,9:14:04"
934,934,"2/14/2003,1:44:25","2/19/2003,16:47:23","2/20/2003,15:13:51","2/24/2003,15:40:51"
935,935,"8/17/2009,11:46:58","8/23/2009,11:16:53","8/25/2009,11:18:28","8/27/2009,18:17:41"
936,936,"3/10/2004,4:58:41","3/12/2004,12:59:07","3/18/2004,9:13:44","3/24/2004,19:52:32"
937,937,"7/30/2016,20:38:50","8/5/2016,15:39:35","8/11/2016,11:02:17","8/12/2016,6:01:12"
938,938,"12/21/2013,21:10:25","12/27/2013,9:36:58","1/3/2014,8:48:04","1/5/2014,8:42:10"
939,939,"3/10/2015,7:31:42","3/14/2015,9:31:57","3/15/2015,14:39:31","3/16/2015,18:04:07"
940,940,"12/10/2016,15:17:02","12/13/2016,16:37:26","12/19/2016,9:48:39","12/20/2016,15:31:07"
941,941,"7/20/2003,16:07:26","7/25/2003,14:57:27","7/26/2003,10:08:13","8/1/2003,15:43:12"
942,942,"7/24/2006,14:35:19","7/27/2006,8:51:40","7/31/2006,15:14:48","8/6/2006,9:35:40"
943,943,"10/20/2012,2:19:18","10/24/2012,9:33:30","10/28/2012,14:19:21","11/3/2012,15:29:22"
944,944,"9/2/2013,10:04:03","9/9/2013,9:58:55","9/11/2013,13:11:36","9/17/2013,10:24:31"
945,945,"9/2/2003,13:19:41","9/4/2003,14:28:15","9/9/2003,10:58:40","9/12/2003,18:01:03"
946,946,"6/28/2010,11:09:21","7/3/2010,12:37:41","7/4/2010,12:31:58","7/11/2010,12:15:28"
947,947,"1/31/2002,13:36:11","2/5/2002,13:42:46","2/9/2002,10:40:52","2/13/2002,9:37:37"
948,948,"12/8/2004,1:38:33","12/12/2004,16:17:00","12/18/2004,15:24:30","12/24/2004,19:41:30"
949,949,"2/3/2006,13:04:07","2/6/2006,12:51:30","2/12/2006,9:59:20","2/16/2006,6:09:06"
950,950,"6/8/2014,15:31:44","6/14/2014,15:56:00","6/20/2014,9:43:22","6/24/2014,7:09:45"
951,951,"11/21/2012,10:19:17","11/28/2012,13:58:48","12/4/2012,10:49:48","12/7/2012,11:44:50"
952,952,"6/15/2016,5:12:50","6/19/2016,13:32:09","6/24/2016,16:56:57","6/28/2016,7:06:51"
953,953,"7/6/2010,6:34:57","7/10/2010,8:34:27","7/16/2010,13:42:30","7/23/2010,16:11:36"
954,954,"6/7/2005,18:29:16","6/11/2005,16:08:58","6/16/2005,13:33:38","6/22/2005,14:58:09"
955,955,"3/11/2003,11:51:24","3/16/2003,9:44:17","3/21/2003,14:50:59","3/26/2003,11:53:17"
956,956,"8/12/2004,4:12:15","8/16/2004,10:31:27","8/19/2004,15:19:18","8/22/2004,18:12:26"
957,957,"6/28/2008,1:07:00","7/5/2008,16:26:36","7/6/2008,15:46:00","7/9/2008,19:02:56"
958,958,"3/16/2006,18:51:05","3/23/2006,12:00:26","3/28/2006,13:21:55","3/29/2006,12:57:24"
959,959,"6/30/2005,7:37:49","7/3/2005,16:37:43","7/5/2005,10:39:12","7/8/2005,14:30:12"
960,960,"12/28/2010,21:32:20","12/29/2010,12:00:20","1/2/2011,10:07:59","1/4/2011,14:33:16"
961,961,"7/6/2016,8:59:01","7/7/2016,8:18:45","7/14/2016,11:21:08","7/21/2016,17:07:04"
962,962,"1/7/2018,15:35:53","1/8/2018,8:13:50","1/10/2018,9:11:19","1/17/2018,12:17:55"
963,963,"10/22/2006,4:44:24","10/27/2006,10:20:51","10/30/2006,11:01:49","11/3/2006,13:52:55"
964,964,"10/1/2011,9:26:12","10/7/2011,11:53:42","10/11/2011,10:37:34","10/15/2011,14:01:20"
965,965,"1/28/2001,10:18:40","1/31/2001,16:44:04","2/6/2001,14:18:37","2/11/2001,10:59:21"
966,966,"2/13/2007,15:37:01","2/17/2007,10:45:33","2/23/2007,13:11:05","3/1/2007,8:06:47"
967,967,"5/16/2010,1:50:20","5/18/2010,12:43:54","5/22/2010,16:23:56","5/27/2010,6:13:31"
968,968,"11/15/2016,9:43:05","11/20/2016,11:25:13","11/23/2016,8:48:34","11/30/2016,9:52:14"
969,969,"6/5/2008,17:26:20","6/6/2008,10:20:00","6/9/2008,12:18:00","6/13/2008,17:29:36"
970,970,"4/12/2017,12:55:49","4/13/2017,8:49:14","4/18/2017,10:20:31","4/19/2017,6:49:14"
971,971,"6/10/2016,3:04:54","6/17/2016,14:01:09","6/18/2016,9:28:09","6/25/2016,15:26:48"
972,972,"7/30/2018,9:49:29","8/5/2018,9:29:13","8/10/2018,12:37:29","8/14/2018,6:25:26"
973,973,"7/16/2014,4:33:32","7/22/2014,15:34:40","7/28/2014,11:37:56","8/1/2014,14:12:30"
974,974,"11/16/2009,8:14:25","11/22/2009,14:25:06","11/25/2009,12:05:40","12/1/2009,9:48:24"
975,975,"8/28/2001,21:00:49","9/2/2001,12:36:44","9/7/2001,12:54:42","9/9/2001,14:32:03"
976,976,"11/11/2001,14:33:25","11/14/2001,16:20:09","11/16/2001,14:16:53","11/17/2001,15:08:23"
977,977,"12/29/2003,6:23:22","1/2/2004,9:53:35","1/5/2004,14:11:17","1/12/2004,16:58:50"
978,978,"10/16/2010,3:39:28","10/19/2010,12:44:14","10/21/2010,11:09:35","10/24/2010,10:30:01"
979,979,"8/7/2003,11:30:31","8/12/2003,16:05:28","8/14/2003,10:49:13","8/20/2003,14:32:59"
980,980,"4/24/2004,5:00:01","4/26/2004,14:18:15","4/30/2004,15:10:08","5/3/2004,10:16:43"
981,981,"8/24/2010,1:56:51","8/31/2010,8:59:42","9/4/2010,14:37:13","9/5/2010,12:02:39"
982,982,"4/8/2001,12:30:07","4/13/2001,13:09:45","4/16/2001,13:39:13","4/18/2001,16:09:03"
983,983,"3/10/2016,20:36:22","3/17/2016,11:36:50","3/23/2016,15:41:40","3/24/2016,12:48:01"
984,984,"11/14/2008,8:30:27","11/15/2008,14:57:56","11/22/2008,9:11:36","11/26/2008,19:04:57"
985,985,"12/2/2000,12:22:07","12/4/2000,9:34:45","12/11/2000,14:17:45","12/15/2000,14:05:29"
986,986,"12/14/2003,16:31:45","12/18/2003,14:08:18","12/21/2003,14:37:11","12/25/2003,14:59:51"
987,987,"1/19/2010,6:06:21","1/21/2010,10:56:16","1/22/2010,9:47:07","1/23/2010,13:07:34"
988,988,"1/7/2009,9:18:13","1/10/2009,14:02:50","1/17/2009,16:00:17","1/23/2009,11:49:20"
989,989,"1/27/2006,8:45:31","2/1/2006,13:41:38","2/3/2006,11:15:56","2/6/2006,6:15:36"
990,990,"9/25/2012,14:12:15","9/28/2012,15:37:06","10/3/2012,12:10:35","10/6/2012,13:45:27"
991,991,"4/8/2010,11:32:18","4/13/2010,10:08:45","4/17/2010,10:11:03","4/18/2010,6:33:43"
992,992,"12/7/2006,14:08:12","12/10/2006,14:41:39","12/14/2006,9:20:12","12/19/2006,11:34:10"
993,993,"6/1/2017,3:19:05","6/8/2017,16:13:49","6/14/2017,14:40:41","6/18/2017,14:47:07"
994,994,"9/28/2001,21:53:03","10/4/2001,14:53:19","10/10/2001,13:04:18","10/13/2001,11:35:08"
995,995,"8/24/2007,6:19:40","8/30/2007,11:23:40","9/4/2007,10:04:43","9/5/2007,18:01:51"
996,996,"5/13/2007,17:36:31","5/19/2007,14:25:29","5/22/2007,8:56:50","5/25/2007,9:18:28"
997,997,"8/16/2001,13:58:38","8/20/2001,15:39:16","8/23/2001,8:49:20","8/28/2001,16:45:42"
998,998,"1/10/2005,4:46:45","1/13/2005,16:19:57","1/16/2005,16:45:30","1/23/2005,8:55:16"
999,999,"8/30/2008,16:40:35","9/2/2008,16:40:31","9/4/2008,10:46:12","9/6/2008,6:17:18"
1000,1000,"6/21/2011,1:43:37","6/26/2011,16:40:44","7/3/2011,8:22:00","7/5/2011,12:43:24"
