tracking_num,package,ordered,fulfilled,shipped,delivered
59,313,"1/6/2018,8:14:25","1/9/2018,11:31:25","1/12/2018,11:22:27","1/16/2018,12:02:13"
40,628,"2/16/2016,13:59:10","2/20/2016,8:56:32","2/21/2016,9:20:17","2/27/2016,14:22:06"
39,550,"9/11/2002,19:30:34","9/13/2002,15:29:03","9/16/2002,10:33:22","9/22/2002,9:51:57"
73,13,"8/29/2005,13:22:11","9/4/2005,8:09:23","9/5/2005,12:16:36","9/11/2005,7:30:28"
43,492,"1/17/2009,21:32:52","1/24/2009,10:58:16","1/25/2009,9:21:51","1/29/2009,8:42:45"
70,870,"5/1/2004,19:30:07","5/5/2004,9:07:30","5/6/2004,16:05:57","5/13/2004,18:26:22"
34,967,"5/23/2002,23:44:56","5/28/2002,13:08:17","5/30/2002,8:27:58","5/31/2002,10:12:12"
29,473,"4/12/2018,7:29:14","4/19/2018,13:42:53","4/21/2018,8:20:46","4/27/2018,19:10:08"
38,151,"3/22/2016,3:19:07","3/23/2016,16:23:01","3/27/2016,15:58:15","4/3/2016,14:22:12"
19,868,"5/6/2015,12:43:40","5/7/2015,12:15:11","5/12/2015,13:48:45","5/13/2015,9:19:42"
49,702,"10/31/2016,6:54:58","11/6/2016,8:52:33","11/10/2016,14:12:09","11/17/2016,6:25:50"
36,973,"8/23/2002,23:49:06","8/24/2002,13:00:48","8/28/2002,13:54:21","9/3/2002,6:22:57"
98,265,"8/19/2017,18:34:26","8/23/2017,14:27:43","8/26/2017,13:02:42","9/2/2017,10:51:39"
25,745,"4/6/2013,22:02:23","4/8/2013,9:23:54","4/10/2013,9:51:02","4/13/2013,6:57:01"
45,567,"3/5/2017,0:24:20","3/7/2017,8:39:02","3/11/2017,11:15:41","3/18/2017,9:34:38"
67,594,"1/27/2013,20:08:08","1/30/2013,12:51:41","2/3/2013,12:58:39","2/4/2013,17:51:29"
1,993,"5/14/2009,3:06:21","5/18/2009,12:06:29","5/20/2009,15:42:12","5/21/2009,6:48:29"
57,199,"1/10/2016,18:14:41","1/13/2016,8:13:38","1/14/2016,8:07:13","1/20/2016,10:11:30"
24,341,"10/29/2001,11:18:16","11/1/2001,8:27:29","11/3/2001,9:08:03","11/9/2001,7:50:53"
35,936,"12/31/2002,20:41:58","1/3/2003,11:01:02","1/9/2003,14:39:26","1/12/2003,17:40:53"
42,838,"12/11/2003,3:35:36","12/18/2003,10:24:46","12/19/2003,16:28:06","12/23/2003,14:13:19"
78,667,"11/28/2017,2:37:23","12/3/2017,16:37:42","12/8/2017,14:58:02","12/12/2017,18:17:46"
27,839,"12/20/2002,20:59:09","12/21/2002,9:42:39","12/23/2002,14:03:30","12/30/2002,10:43:04"
38,319,"8/22/2009,2:41:31","8/27/2009,14:12:38","9/1/2009,9:25:28","9/8/2009,18:03:21"
40,704,"4/26/2014,15:49:58","5/3/2014,16:26:45","5/6/2014,12:08:47","5/7/2014,15:24:11"
74,119,"10/1/2010,12:45:36","10/6/2010,9:08:01","10/8/2010,16:20:32","10/12/2010,8:55:10"
29,512,"1/11/2015,4:39:12","1/12/2015,14:16:42","1/15/2015,14:25:05","1/22/2015,12:47:11"
95,183,"9/13/2006,15:25:19","9/16/2006,14:28:05","9/23/2006,14:19:05","9/27/2006,7:28:17"
6,10,"5/14/2017,23:15:03","5/20/2017,13:52:40","5/21/2017,13:39:42","5/28/2017,17:43:03"
31,331,"12/6/2014,8:13:53","12/8/2014,9:21:56","12/15/2014,12:48:08","12/19/2014,7:13:00"
83,459,"3/10/2014,2:11:13","3/13/2014,12:26:26","3/14/2014,11:17:49","3/21/2014,17:39:07"
90,936,"2/27/2007,14:14:59","3/6/2007,13:48:22","3/7/2007,16:10:20","3/10/2007,15:10:40"
84,518,"12/14/2017,2:43:09","12/17/2017,8:05:55","12/22/2017,14:19:31","12/26/2017,10:10:57"
36,69,"10/14/2006,17:55:30","10/16/2006,11:41:06","10/22/2006,13:57:13","10/25/2006,9:18:10"
3,292,"12/1/2003,5:29:57","12/4/2003,11:55:50","12/8/2003,13:36:42","12/10/2003,9:07:37"
36,39,"9/5/2001,9:23:06","9/6/2001,15:48:25","9/7/2001,9:53:35","9/11/2001,9:25:58"
5,81,"6/15/2015,7:39:48","6/20/2015,9:05:08","6/21/2015,16:01:57","6/24/2015,16:20:15"
73,815,"8/20/2007,21:26:08","8/24/2007,12:33:10","8/28/2007,10:11:41","8/31/2007,19:52:08"
88,149,"3/19/2008,8:05:36","3/26/2008,12:53:44","4/2/2008,9:20:19","4/9/2008,14:30:45"
21,618,"11/3/2014,18:25:24","11/9/2014,9:37:27","11/13/2014,12:36:12","11/17/2014,6:27:43"
32,102,"4/25/2014,15:02:45","4/26/2014,10:34:51","5/3/2014,13:15:05","5/5/2014,14:37:22"
28,510,"5/12/2010,18:00:53","5/16/2010,14:01:12","5/23/2010,11:02:51","5/25/2010,11:05:49"
78,855,"6/24/2004,3:26:50","6/29/2004,15:23:08","7/2/2004,13:46:00","7/3/2004,6:58:50"
92,761,"3/4/2010,5:22:26","3/6/2010,14:37:44","3/8/2010,11:55:26","3/12/2010,12:40:53"
17,677,"11/5/2006,12:53:03","11/12/2006,8:47:43","11/13/2006,15:19:36","11/20/2006,13:02:14"
44,686,"3/2/2011,6:12:34","3/5/2011,10:50:03","3/11/2011,10:49:47","3/18/2011,15:59:25"
54,8,"6/13/2015,14:16:32","6/18/2015,8:38:54","6/19/2015,16:05:14","6/21/2015,13:28:15"
51,854,"11/5/2008,16:44:47","11/11/2008,12:26:59","11/13/2008,13:23:41","11/16/2008,14:34:43"
23,385,"2/10/2017,2:47:51","2/15/2017,16:04:25","2/21/2017,9:51:04","2/24/2017,13:35:27"
29,410,"5/14/2001,7:46:24","5/20/2001,10:17:25","5/27/2001,8:29:23","5/29/2001,6:18:39"
22,737,"12/21/2010,1:32:18","12/23/2010,9:14:23","12/29/2010,16:18:27","1/1/2011,12:48:45"
29,421,"8/26/2002,11:10:31","9/2/2002,16:19:04","9/9/2002,15:58:15","9/12/2002,17:47:28"
100,362,"10/14/2015,5:16:41","10/20/2015,11:38:37","10/26/2015,9:32:13","10/29/2015,15:21:33"
88,84,"4/17/2014,6:34:12","4/21/2014,8:13:33","4/25/2014,15:01:33","5/1/2014,12:58:29"
58,405,"7/2/2005,14:51:33","7/5/2005,9:14:18","7/9/2005,10:45:24","7/10/2005,19:17:08"
20,649,"5/1/2006,5:58:57","5/5/2006,16:46:12","5/9/2006,15:23:19","5/13/2006,14:55:18"
52,442,"6/21/2016,1:06:40","6/25/2016,14:32:55","6/30/2016,14:02:01","7/6/2016,17:32:43"
49,592,"9/19/2007,2:43:33","9/21/2007,12:30:08","9/25/2007,15:22:16","10/1/2007,12:44:34"
61,323,"10/22/2001,21:32:00","10/26/2001,14:32:38","10/27/2001,11:39:37","11/2/2001,6:50:30"
9,228,"8/28/2011,20:47:53","9/1/2011,9:15:01","9/2/2011,13:28:15","9/3/2011,8:07:40"
4,952,"4/1/2007,19:26:01","4/7/2007,12:31:37","4/14/2007,9:06:11","4/17/2007,16:37:41"
32,55,"12/22/2012,19:26:53","12/25/2012,10:07:46","12/31/2012,15:04:19","1/2/2013,14:06:02"
26,236,"4/29/2008,0:40:58","5/6/2008,15:53:47","5/13/2008,14:17:57","5/18/2008,17:14:02"
63,579,"1/7/2008,10:58:55","1/10/2008,10:57:51","1/13/2008,11:16:13","1/17/2008,19:41:41"
27,515,"5/31/2012,11:06:08","6/5/2012,9:07:37","6/8/2012,13:16:43","6/11/2012,8:10:13"
17,135,"4/18/2004,17:39:03","4/19/2004,16:32:49","4/25/2004,13:24:33","4/29/2004,15:31:44"
72,774,"8/27/2009,13:46:41","9/2/2009,10:55:38","9/7/2009,14:49:33","9/9/2009,13:49:07"
62,394,"12/22/2008,12:49:03","12/29/2008,11:31:33","12/31/2008,12:21:42","1/1/2009,8:14:58"
60,805,"2/26/2007,12:56:27","3/2/2007,9:26:28","3/8/2007,16:08:55","3/12/2007,7:03:16"
20,804,"2/28/2011,7:50:22","3/2/2011,11:22:51","3/6/2011,11:48:42","3/11/2011,16:24:37"
5,309,"5/30/2009,13:27:11","6/4/2009,13:13:13","6/5/2009,9:16:28","6/6/2009,15:37:05"
19,642,"10/19/2012,15:22:47","10/21/2012,16:12:25","10/27/2012,11:30:49","10/31/2012,18:01:22"
78,370,"11/27/2011,11:01:52","11/28/2011,12:48:16","11/30/2011,8:20:12","12/4/2011,17:45:18"
7,403,"1/12/2003,0:37:43","1/19/2003,8:01:31","1/23/2003,12:17:21","1/30/2003,17:22:40"
23,429,"10/13/2009,17:08:42","10/19/2009,14:16:08","10/26/2009,12:34:22","10/31/2009,10:34:31"
93,897,"9/3/2001,4:23:53","9/4/2001,14:33:31","9/7/2001,16:19:08","9/13/2001,8:53:26"
9,21,"12/3/2009,13:02:20","12/4/2009,14:05:19","12/8/2009,8:14:13","12/11/2009,17:16:28"
5,618,"10/24/2018,16:34:17","10/29/2018,14:43:26","11/3/2018,10:55:53","11/10/2018,8:08:30"
92,692,"12/8/2006,23:45:43","12/15/2006,12:17:30","12/16/2006,11:07:19","12/20/2006,13:50:21"
8,561,"1/13/2002,2:16:21","1/18/2002,12:06:00","1/22/2002,8:31:25","1/28/2002,16:25:34"
71,43,"5/31/2018,10:55:09","6/1/2018,12:19:44","6/6/2018,16:40:33","6/12/2018,11:30:16"
66,485,"6/17/2015,5:37:46","6/18/2015,12:53:58","6/23/2015,16:00:05","6/28/2015,10:37:43"
6,295,"3/14/2012,15:00:50","3/18/2012,8:54:27","3/20/2012,14:43:16","3/23/2012,12:25:58"
91,633,"9/6/2017,5:46:18","9/10/2017,15:53:34","9/16/2017,9:15:34","9/17/2017,19:04:04"
16,275,"8/19/2007,4:12:40","8/21/2007,11:41:58","8/25/2007,15:12:09","8/27/2007,12:36:26"
15,290,"11/15/2016,4:12:50","11/17/2016,16:34:22","11/19/2016,11:46:35","11/21/2016,9:01:49"
8,214,"6/29/2017,18:02:56","7/4/2017,12:40:09","7/11/2017,8:07:25","7/16/2017,8:46:10"
45,732,"10/16/2012,1:12:05","10/17/2012,11:00:44","10/23/2012,12:53:44","10/28/2012,16:35:27"
20,17,"12/20/2011,13:27:17","12/25/2011,12:37:11","12/28/2011,9:11:14","1/4/2012,10:39:57"
34,785,"12/11/2013,15:03:08","12/15/2013,8:26:37","12/20/2013,10:04:04","12/22/2013,19:39:36"
90,174,"10/21/2003,6:43:12","10/25/2003,12:43:26","10/31/2003,13:06:12","11/7/2003,18:14:20"
52,943,"10/29/2008,3:24:47","10/30/2008,16:19:08","11/2/2008,16:40:50","11/8/2008,7:14:52"
44,311,"12/20/2011,15:08:29","12/21/2011,12:06:13","12/27/2011,8:31:17","1/3/2012,8:43:40"
66,797,"5/6/2010,20:13:23","5/11/2010,9:25:09","5/16/2010,8:51:14","5/22/2010,6:55:04"
19,114,"8/1/2004,13:46:05","8/7/2004,14:27:50","8/12/2004,15:03:25","8/13/2004,17:24:26"
47,533,"8/6/2005,9:08:01","8/8/2005,10:48:24","8/13/2005,12:36:37","8/14/2005,15:39:28"
95,590,"5/10/2015,11:27:34","5/13/2015,9:28:39","5/14/2015,14:20:20","5/15/2015,10:33:46"
17,941,"1/6/2015,12:24:48","1/13/2015,9:11:25","1/19/2015,9:30:43","1/26/2015,13:27:14"
15,96,"3/2/2003,9:48:52","3/3/2003,8:20:10","3/8/2003,16:30:15","3/15/2003,16:30:42"
32,532,"3/11/2004,8:54:54","3/18/2004,15:30:01","3/22/2004,14:38:22","3/28/2004,13:59:30"
75,614,"9/14/2001,4:54:14","9/15/2001,15:25:31","9/22/2001,9:54:37","9/29/2001,12:15:58"
8,53,"4/3/2015,14:02:12","4/9/2015,14:04:15","4/15/2015,12:05:00","4/20/2015,19:05:19"
23,854,"9/29/2012,9:12:57","10/1/2012,16:33:25","10/4/2012,15:52:54","10/6/2012,18:10:57"
15,26,"9/6/2015,3:04:16","9/13/2015,16:27:35","9/14/2015,9:55:06","9/19/2015,15:18:02"
3,186,"8/5/2018,6:25:21","8/12/2018,15:10:08","8/19/2018,12:41:14","8/24/2018,14:58:52"
31,356,"4/13/2001,17:26:53","4/17/2001,8:28:58","4/20/2001,8:44:58","4/22/2001,17:33:59"
23,614,"7/22/2012,15:51:20","7/26/2012,15:43:02","7/29/2012,13:34:49","8/1/2012,10:19:56"
7,566,"3/30/2007,14:45:56","3/31/2007,16:40:35","4/3/2007,12:11:53","4/4/2007,15:37:35"
61,633,"12/30/2010,21:17:34","1/3/2011,16:19:47","1/7/2011,8:57:23","1/11/2011,15:58:29"
56,206,"1/19/2012,16:51:35","1/23/2012,13:39:08","1/26/2012,12:30:20","1/27/2012,14:06:58"
58,724,"9/21/2008,0:33:22","9/23/2008,9:26:57","9/26/2008,16:38:32","9/30/2008,15:53:16"
25,541,"1/24/2016,17:48:09","1/26/2016,15:42:56","2/2/2016,8:16:24","2/4/2016,8:03:19"
64,674,"2/3/2015,18:46:38","2/10/2015,14:29:23","2/13/2015,13:36:00","2/17/2015,8:47:04"
93,694,"3/26/2008,19:30:54","4/1/2008,12:56:36","4/2/2008,11:46:57","4/6/2008,10:18:05"
1,549,"3/28/2018,18:28:30","4/4/2018,8:57:40","4/7/2018,10:20:09","4/13/2018,6:07:58"
27,922,"9/21/2003,18:41:15","9/23/2003,15:30:41","9/25/2003,10:55:41","9/28/2003,9:28:49"
56,888,"10/14/2003,14:59:41","10/20/2003,8:55:19","10/25/2003,16:33:10","10/26/2003,7:54:02"
39,161,"5/2/2004,13:04:32","5/5/2004,14:02:44","5/8/2004,13:55:16","5/15/2004,7:54:53"
40,694,"7/13/2011,5:51:40","7/17/2011,10:30:48","7/23/2011,9:11:15","7/24/2011,9:51:20"
88,61,"11/18/2003,19:35:57","11/24/2003,14:26:54","12/1/2003,11:58:49","12/8/2003,18:05:22"
11,111,"5/28/2005,20:49:01","6/2/2005,15:02:42","6/9/2005,13:40:57","6/11/2005,13:38:03"
68,453,"11/21/2015,8:02:32","11/28/2015,9:53:40","12/2/2015,15:40:55","12/9/2015,8:05:19"
26,609,"8/8/2012,17:16:26","8/15/2012,15:41:53","8/20/2012,13:40:44","8/22/2012,6:07:13"
16,896,"3/2/2004,17:12:42","3/6/2004,11:23:44","3/12/2004,15:45:25","3/19/2004,10:06:16"
22,405,"10/13/2006,14:43:34","10/14/2006,10:23:08","10/20/2006,15:32:08","10/22/2006,7:21:40"
68,160,"10/31/2004,16:45:54","11/7/2004,11:16:30","11/10/2004,16:14:14","11/11/2004,16:59:44"
13,313,"3/10/2006,4:11:01","3/17/2006,12:47:05","3/24/2006,16:57:54","3/25/2006,13:54:52"
50,371,"8/10/2017,19:54:17","8/12/2017,11:20:23","8/13/2017,16:53:03","8/19/2017,11:33:13"
59,725,"1/10/2013,18:07:16","1/15/2013,13:25:44","1/20/2013,12:22:23","1/21/2013,13:34:42"
69,949,"4/19/2003,17:52:36","4/22/2003,10:38:11","4/28/2003,12:44:53","4/30/2003,9:52:21"
27,795,"11/21/2014,12:04:41","11/24/2014,16:05:01","11/29/2014,11:00:04","12/6/2014,7:55:13"
20,690,"11/29/2002,7:29:06","12/6/2002,14:56:59","12/11/2002,12:06:46","12/16/2002,7:56:40"
75,872,"8/30/2003,14:30:45","9/5/2003,15:51:11","9/9/2003,10:54:53","9/15/2003,17:49:37"
24,620,"8/15/2005,12:21:23","8/17/2005,14:53:21","8/20/2005,13:14:08","8/26/2005,7:06:31"
18,259,"6/11/2003,11:26:19","6/14/2003,15:57:07","6/17/2003,12:04:02","6/18/2003,16:49:53"
74,197,"3/29/2007,10:52:57","4/3/2007,15:05:55","4/9/2007,11:32:14","4/16/2007,17:01:55"
14,501,"8/14/2006,20:11:53","8/17/2006,13:10:23","8/19/2006,14:55:15","8/23/2006,19:32:04"
98,871,"8/24/2015,21:34:44","8/30/2015,12:40:06","8/31/2015,15:37:20","9/3/2015,7:00:54"
21,73,"3/5/2009,5:42:51","3/12/2009,11:57:22","3/15/2009,15:45:51","3/20/2009,15:14:11"
10,153,"3/8/2006,13:17:04","3/13/2006,13:36:24","3/14/2006,12:54:55","3/17/2006,13:18:11"
87,912,"9/11/2018,17:46:14","9/16/2018,8:23:03","9/21/2018,9:28:24","9/28/2018,19:21:08"
66,577,"7/23/2012,1:54:28","7/25/2012,15:25:42","7/28/2012,15:44:13","8/4/2012,9:51:42"
47,752,"7/27/2008,4:42:12","7/31/2008,16:27:52","8/7/2008,16:08:06","8/13/2008,18:35:21"
67,165,"5/31/2017,13:52:28","6/5/2017,14:52:56","6/6/2017,13:14:30","6/10/2017,19:52:18"
37,976,"11/1/2018,13:24:21","11/7/2018,15:23:04","11/9/2018,8:41:59","11/10/2018,14:43:49"
15,25,"7/1/2011,8:29:27","7/7/2011,8:15:03","7/13/2011,9:15:53","7/19/2011,18:59:46"
84,133,"10/15/2001,11:07:52","10/21/2001,12:35:55","10/25/2001,15:49:40","10/29/2001,15:49:36"
85,784,"2/6/2007,21:20:21","2/12/2007,8:28:13","2/19/2007,9:07:30","2/24/2007,8:37:57"
72,250,"8/21/2007,2:05:28","8/26/2007,16:51:00","8/28/2007,14:43:47","8/31/2007,11:43:49"
65,982,"10/4/2010,12:18:01","10/6/2010,11:28:31","10/8/2010,8:15:12","10/13/2010,11:34:10"
41,116,"5/21/2011,13:47:12","5/22/2011,14:53:11","5/29/2011,15:44:21","6/4/2011,16:05:54"
65,990,"6/29/2007,13:22:25","6/30/2007,14:21:02","7/2/2007,11:12:12","7/6/2007,14:09:38"
74,899,"10/14/2008,9:45:13","10/17/2008,10:59:24","10/22/2008,12:50:16","10/26/2008,7:37:12"
41,711,"3/18/2012,18:45:34","3/20/2012,16:35:04","3/24/2012,15:30:20","3/28/2012,7:55:28"
84,690,"9/5/2008,4:02:09","9/9/2008,9:40:17","9/13/2008,8:20:37","9/15/2008,19:38:56"
67,182,"1/19/2007,18:53:00","1/24/2007,11:01:56","1/26/2007,8:37:00","1/29/2007,12:17:27"
25,873,"10/29/2018,7:29:55","11/3/2018,13:12:53","11/10/2018,16:10:33","11/11/2018,15:15:38"
6,195,"12/18/2012,8:30:37","12/20/2012,10:11:11","12/24/2012,12:39:02","12/27/2012,8:58:47"
54,935,"12/17/2013,14:58:26","12/20/2013,16:42:59","12/26/2013,15:03:05","12/27/2013,16:30:52"
54,133,"2/12/2004,10:48:30","2/15/2004,9:13:19","2/22/2004,14:06:52","2/25/2004,17:34:59"
32,392,"5/24/2018,22:09:07","5/26/2018,10:31:32","5/31/2018,14:20:42","6/1/2018,16:23:15"
56,278,"8/3/2012,14:08:31","8/5/2012,10:42:14","8/8/2012,13:41:02","8/14/2012,7:52:50"
41,963,"10/20/2010,0:04:55","10/25/2010,9:47:59","10/28/2010,11:56:20","10/29/2010,6:48:06"
5,947,"9/26/2014,1:04:22","10/2/2014,15:44:35","10/8/2014,14:35:01","10/14/2014,6:09:26"
72,321,"7/25/2001,3:09:21","7/31/2001,12:46:22","8/1/2001,12:00:13","8/7/2001,8:37:58"
45,372,"2/4/2017,18:10:30","2/7/2017,14:26:59","2/10/2017,12:41:57","2/13/2017,18:50:19"
58,428,"1/25/2009,16:22:56","2/1/2009,14:36:27","2/4/2009,11:53:28","2/6/2009,16:57:29"
97,205,"4/19/2009,21:02:07","4/22/2009,11:36:41","4/24/2009,11:24:40","4/25/2009,7:26:09"
17,965,"2/13/2012,18:03:20","2/20/2012,10:56:14","2/21/2012,8:40:21","2/24/2012,9:09:28"
69,519,"3/14/2017,11:46:23","3/15/2017,16:57:00","3/19/2017,13:45:14","3/20/2017,12:01:50"
21,64,"10/27/2006,20:59:08","11/2/2006,13:20:42","11/5/2006,8:06:40","11/12/2006,7:22:50"
11,339,"11/7/2009,22:41:21","11/8/2009,11:38:43","11/12/2009,12:20:49","11/16/2009,7:36:21"
48,131,"12/21/2006,18:30:41","12/23/2006,14:24:03","12/25/2006,13:57:12","12/27/2006,8:55:48"
93,204,"9/7/2010,20:52:12","9/10/2010,14:26:44","9/12/2010,16:51:18","9/18/2010,15:47:18"
10,148,"1/12/2016,2:43:29","1/18/2016,13:42:43","1/20/2016,12:41:52","1/27/2016,7:21:10"
19,718,"9/24/2016,10:37:43","9/28/2016,13:02:51","9/30/2016,10:59:18","10/4/2016,18:20:27"
89,229,"4/24/2006,18:08:19","4/29/2006,11:26:37","5/3/2006,15:02:34","5/7/2006,14:23:58"
95,371,"1/10/2011,11:05:35","1/17/2011,15:12:03","1/21/2011,9:33:02","1/22/2011,17:24:57"
39,329,"5/2/2006,19:51:13","5/8/2006,16:19:10","5/11/2006,14:40:38","5/13/2006,18:01:45"
87,484,"2/2/2005,13:31:43","2/9/2005,9:18:05","2/13/2005,13:01:47","2/18/2005,6:26:46"
33,591,"5/29/2010,16:00:56","6/1/2010,9:53:11","6/4/2010,11:31:14","6/9/2010,6:09:40"
20,45,"11/10/2015,8:47:47","11/16/2015,16:15:03","11/19/2015,10:15:55","11/24/2015,6:03:38"
92,803,"11/7/2007,2:34:21","11/12/2007,16:26:02","11/15/2007,11:28:51","11/19/2007,17:51:36"
92,46,"8/1/2017,19:42:36","8/8/2017,14:57:02","8/13/2017,10:37:57","8/17/2017,10:52:35"
87,879,"2/17/2016,6:32:11","2/19/2016,12:40:28","2/20/2016,13:59:09","2/26/2016,17:02:08"
24,285,"6/29/2015,10:46:03","7/2/2015,9:22:13","7/9/2015,11:56:26","7/16/2015,13:01:42"
70,72,"6/11/2006,5:12:53","6/17/2006,11:34:20","6/19/2006,14:56:36","6/22/2006,17:50:33"
35,882,"3/5/2016,12:06:20","3/12/2016,12:02:23","3/17/2016,14:24:00","3/21/2016,6:05:08"
46,82,"5/15/2018,17:13:01","5/22/2018,11:13:21","5/24/2018,14:11:46","5/28/2018,15:35:18"
38,875,"6/19/2018,12:29:05","6/24/2018,10:23:12","6/29/2018,14:31:25","7/4/2018,11:47:59"
33,619,"3/25/2001,20:24:28","3/31/2001,10:13:19","4/4/2001,13:28:22","4/6/2001,18:36:59"
10,750,"9/24/2007,1:49:26","9/30/2007,10:14:12","10/5/2007,12:38:03","10/11/2007,11:41:21"
91,348,"4/27/2012,9:46:50","5/1/2012,11:20:25","5/2/2012,12:54:15","5/7/2012,8:01:37"
42,897,"5/17/2012,2:54:31","5/22/2012,11:40:05","5/23/2012,11:05:17","5/28/2012,7:33:14"
15,698,"2/13/2018,11:25:11","2/15/2018,13:41:54","2/21/2018,16:51:18","2/28/2018,11:25:26"
50,885,"1/1/2011,1:32:19","1/8/2011,12:06:31","1/9/2011,11:57:29","1/15/2011,13:58:13"
83,82,"7/1/2014,12:51:35","7/3/2014,16:14:02","7/6/2014,14:12:05","7/8/2014,13:34:19"
10,744,"10/12/2007,9:09:50","10/18/2007,13:54:11","10/23/2007,16:15:58","10/26/2007,18:48:54"
57,344,"2/26/2010,0:57:04","3/5/2010,16:18:59","3/12/2010,14:39:20","3/13/2010,13:20:08"
49,722,"7/15/2014,0:38:50","7/19/2014,14:03:29","7/21/2014,8:59:51","7/28/2014,8:41:34"
66,666,"8/18/2005,19:49:29","8/21/2005,16:52:14","8/25/2005,16:46:44","9/1/2005,7:50:18"
21,647,"6/9/2017,1:09:29","6/15/2017,11:24:55","6/16/2017,13:48:40","6/21/2017,13:57:35"
40,895,"11/27/2014,2:29:31","12/4/2014,12:29:44","12/11/2014,11:52:47","12/16/2014,8:55:15"
4,966,"9/25/2011,0:02:14","9/26/2011,11:00:51","9/28/2011,16:07:22","10/5/2011,8:17:33"
22,320,"2/9/2014,23:31:45","2/11/2014,9:59:25","2/18/2014,10:55:08","2/24/2014,11:11:18"
53,21,"5/31/2011,20:00:09","6/2/2011,11:43:32","6/6/2011,9:12:30","6/7/2011,14:53:01"
11,853,"8/9/2011,16:21:38","8/12/2011,8:47:44","8/19/2011,8:50:25","8/21/2011,10:09:51"
22,941,"4/18/2016,16:10:42","4/22/2016,15:33:59","4/26/2016,16:16:44","4/30/2016,17:22:30"
38,586,"10/6/2014,22:34:34","10/13/2014,15:42:04","10/16/2014,8:18:49","10/19/2014,7:33:00"
100,806,"10/30/2003,6:43:47","11/3/2003,9:31:11","11/6/2003,12:12:49","11/7/2003,17:43:35"
26,717,"3/22/2011,15:00:29","3/26/2011,8:11:43","3/31/2011,12:26:22","4/5/2011,17:40:03"
45,53,"1/22/2007,21:16:03","1/27/2007,14:41:36","2/3/2007,13:31:12","2/9/2007,18:00:57"
69,167,"11/7/2002,16:02:40","11/13/2002,15:44:48","11/15/2002,10:51:13","11/16/2002,7:26:59"
82,7,"1/22/2005,15:53:04","1/27/2005,16:19:21","2/2/2005,11:40:35","2/9/2005,19:31:40"
25,546,"1/22/2011,6:14:10","1/27/2011,14:56:20","2/2/2011,13:29:36","2/8/2011,12:20:27"
21,976,"6/10/2013,4:23:02","6/15/2013,9:58:57","6/22/2013,12:59:09","6/28/2013,14:33:12"
71,946,"12/20/2004,20:50:15","12/27/2004,10:01:51","12/28/2004,13:43:21","1/3/2005,16:54:49"
47,307,"1/24/2006,9:45:00","1/25/2006,14:51:48","1/29/2006,10:30:25","2/1/2006,8:47:35"
54,171,"10/15/2005,2:48:10","10/16/2005,12:26:54","10/22/2005,11:33:05","10/27/2005,8:44:19"
99,14,"12/18/2013,10:24:07","12/19/2013,9:47:50","12/23/2013,15:45:02","12/28/2013,13:09:05"
66,631,"4/28/2006,1:15:15","5/5/2006,9:49:47","5/7/2006,11:06:13","5/12/2006,15:31:51"
60,558,"8/27/2003,2:32:53","9/2/2003,15:52:41","9/9/2003,14:47:56","9/12/2003,7:25:28"
54,255,"5/16/2009,21:57:09","5/18/2009,10:10:14","5/21/2009,14:51:44","5/28/2009,12:58:18"
86,420,"8/21/2011,4:13:45","8/24/2011,13:32:09","8/31/2011,9:12:51","9/6/2011,7:17:41"
25,593,"11/14/2001,12:00:16","11/21/2001,14:54:16","11/26/2001,14:26:08","11/27/2001,9:52:28"
76,212,"5/10/2007,20:15:38","5/15/2007,11:08:23","5/18/2007,12:28:30","5/22/2007,6:49:22"
22,599,"11/3/2008,21:06:25","11/6/2008,14:13:01","11/12/2008,12:12:41","11/17/2008,19:32:07"
56,224,"2/28/2011,7:53:06","3/4/2011,9:34:23","3/6/2011,9:57:18","3/12/2011,11:27:10"
83,106,"10/6/2016,21:37:57","10/11/2016,8:26:04","10/14/2016,13:57:41","10/21/2016,17:40:03"
12,476,"7/4/2012,21:03:53","7/10/2012,15:29:07","7/15/2012,10:28:21","7/16/2012,18:01:53"
82,631,"2/13/2008,16:45:18","2/16/2008,8:48:53","2/17/2008,14:36:51","2/24/2008,8:59:47"
55,82,"9/6/2011,22:13:07","9/12/2011,15:06:42","9/14/2011,13:41:20","9/21/2011,11:45:36"
6,602,"4/27/2009,16:19:04","4/30/2009,15:19:39","5/1/2009,9:43:30","5/7/2009,13:35:54"
51,99,"10/30/2007,21:31:00","11/5/2007,9:33:03","11/10/2007,11:35:29","11/16/2007,19:35:57"
100,30,"8/29/2005,19:26:24","9/4/2005,15:14:33","9/8/2005,12:27:11","9/14/2005,18:34:09"
59,508,"5/3/2006,8:54:12","5/9/2006,13:13:30","5/14/2006,15:35:00","5/20/2006,15:49:08"
3,407,"2/10/2017,16:11:29","2/17/2017,16:16:20","2/19/2017,11:24:22","2/25/2017,11:10:02"
72,507,"12/30/2008,13:29:56","1/1/2009,13:22:13","1/7/2009,16:59:57","1/9/2009,13:40:21"
95,370,"9/3/2017,18:45:22","9/5/2017,15:51:51","9/9/2017,15:04:41","9/16/2017,11:38:17"
85,115,"5/8/2014,0:52:02","5/14/2014,14:38:51","5/18/2014,16:37:25","5/19/2014,14:02:48"
76,230,"3/4/2012,19:22:50","3/5/2012,10:57:57","3/6/2012,11:43:10","3/9/2012,9:11:24"
89,498,"3/23/2015,1:43:29","3/24/2015,15:54:40","3/30/2015,12:56:03","4/3/2015,10:51:40"
33,933,"4/26/2014,9:30:23","4/28/2014,8:41:52","5/1/2014,12:06:51","5/6/2014,12:50:46"
8,886,"4/9/2010,2:56:46","4/11/2010,8:36:22","4/15/2010,16:20:32","4/17/2010,9:31:24"
86,86,"12/10/2005,15:29:26","12/14/2005,9:48:16","12/15/2005,16:17:32","12/22/2005,13:28:55"
70,548,"1/28/2006,5:38:58","2/4/2006,8:18:59","2/10/2006,12:50:33","2/15/2006,18:45:45"
1,687,"7/16/2001,7:27:40","7/21/2001,16:45:09","7/22/2001,15:52:19","7/24/2001,11:24:14"
37,710,"10/16/2005,15:52:15","10/19/2005,14:34:42","10/23/2005,13:09:38","10/27/2005,13:38:57"
8,497,"11/12/2006,5:41:32","11/19/2006,11:55:57","11/24/2006,11:43:01","11/28/2006,15:44:38"
54,991,"1/1/2005,14:52:30","1/7/2005,10:21:17","1/11/2005,16:58:48","1/16/2005,12:34:37"
27,238,"6/16/2005,6:02:27","6/20/2005,11:07:02","6/25/2005,14:32:42","7/2/2005,16:55:15"
6,751,"8/28/2011,22:45:15","8/31/2011,10:59:56","9/2/2011,13:06:26","9/7/2011,9:50:05"
30,555,"1/21/2009,0:37:28","1/27/2009,10:10:52","2/2/2009,13:49:57","2/5/2009,8:54:23"
33,163,"11/3/2003,14:57:19","11/5/2003,14:06:08","11/7/2003,8:42:27","11/10/2003,18:55:18"
95,988,"8/10/2003,1:59:21","8/11/2003,15:07:30","8/13/2003,10:00:34","8/14/2003,19:54:54"
15,250,"6/13/2006,12:35:04","6/17/2006,11:28:31","6/24/2006,11:01:19","6/30/2006,6:45:37"
91,63,"4/10/2007,23:18:26","4/11/2007,13:49:47","4/13/2007,13:10:45","4/15/2007,9:44:50"
31,833,"9/26/2008,0:49:24","10/1/2008,15:48:30","10/7/2008,13:08:33","10/13/2008,16:23:26"
7,999,"5/9/2017,18:53:47","5/16/2017,13:23:26","5/22/2017,15:04:16","5/29/2017,11:54:09"
21,493,"5/16/2016,8:23:21","5/19/2016,16:43:16","5/25/2016,9:15:16","5/26/2016,10:23:02"
85,275,"2/13/2002,6:18:35","2/14/2002,10:48:04","2/21/2002,12:38:33","2/25/2002,12:02:31"
8,317,"6/19/2004,8:21:40","6/26/2004,14:30:25","7/1/2004,16:30:56","7/6/2004,13:30:31"
54,929,"7/9/2017,10:30:10","7/14/2017,16:19:39","7/16/2017,8:27:59","7/18/2017,7:03:53"
95,704,"5/23/2004,16:09:20","5/26/2004,16:30:59","6/1/2004,14:43:00","6/5/2004,6:43:26"
36,272,"9/30/2016,21:34:50","10/7/2016,14:07:38","10/13/2016,12:55:51","10/20/2016,14:31:26"
74,682,"3/10/2013,1:48:33","3/16/2013,15:31:00","3/20/2013,11:30:00","3/21/2013,15:31:11"
63,183,"8/20/2018,2:11:05","8/27/2018,8:45:03","9/3/2018,14:17:11","9/8/2018,14:34:37"
23,754,"11/13/2013,12:56:46","11/16/2013,8:44:34","11/23/2013,12:38:28","11/29/2013,18:49:41"
30,84,"1/15/2007,10:57:58","1/20/2007,10:06:28","1/22/2007,14:09:01","1/29/2007,14:22:42"
34,226,"1/7/2007,6:05:58","1/9/2007,12:03:41","1/15/2007,10:34:37","1/18/2007,7:18:38"
14,389,"2/26/2002,0:12:10","2/27/2002,11:37:53","3/4/2002,12:29:12","3/5/2002,10:24:16"
25,191,"12/24/2008,14:10:51","12/25/2008,8:54:19","12/27/2008,8:36:32","1/1/2009,17:13:13"
91,857,"9/11/2015,21:56:38","9/18/2015,12:18:28","9/20/2015,14:10:03","9/23/2015,14:37:25"
7,424,"5/27/2008,19:53:59","5/28/2008,9:23:18","5/30/2008,8:11:08","6/4/2008,15:19:29"
34,808,"11/30/2010,15:09:54","12/2/2010,10:46:34","12/3/2010,10:27:30","12/7/2010,14:50:32"
41,775,"4/6/2008,9:04:28","4/11/2008,10:55:23","4/15/2008,8:25:39","4/16/2008,8:34:13"
44,553,"9/8/2014,0:36:28","9/9/2014,8:56:46","9/14/2014,14:05:00","9/20/2014,12:00:35"
43,823,"2/7/2004,20:34:56","2/14/2004,13:29:06","2/17/2004,13:04:58","2/22/2004,10:19:47"
7,206,"1/19/2003,11:00:32","1/22/2003,12:56:40","1/29/2003,14:55:17","2/2/2003,6:59:01"
45,949,"8/28/2010,8:47:39","8/30/2010,15:18:49","9/5/2010,9:05:07","9/7/2010,10:41:04"
68,404,"2/13/2009,0:34:39","2/17/2009,12:13:21","2/23/2009,14:31:09","2/26/2009,18:30:42"
38,735,"1/14/2010,10:17:05","1/16/2010,9:33:03","1/21/2010,11:21:15","1/28/2010,9:31:27"
32,20,"8/29/2015,1:27:49","8/31/2015,14:18:05","9/3/2015,8:39:18","9/4/2015,14:08:11"
49,7,"1/7/2015,6:24:27","1/14/2015,11:09:02","1/16/2015,9:44:07","1/22/2015,8:00:03"
25,284,"11/13/2001,18:01:31","11/17/2001,13:26:56","11/22/2001,14:37:35","11/29/2001,15:55:01"
39,460,"12/5/2007,23:58:26","12/10/2007,10:05:51","12/12/2007,14:09:04","12/13/2007,6:09:24"
19,897,"9/29/2005,1:01:40","10/6/2005,15:25:44","10/11/2005,8:20:33","10/12/2005,18:52:52"
59,106,"5/29/2016,23:35:14","6/4/2016,15:54:11","6/8/2016,10:59:21","6/13/2016,14:10:52"
46,591,"6/17/2011,12:02:07","6/22/2011,15:30:57","6/26/2011,10:14:49","6/28/2011,13:15:03"
41,76,"7/28/2003,2:05:27","7/29/2003,16:19:33","8/1/2003,8:42:25","8/7/2003,10:22:04"
36,863,"6/21/2001,14:33:25","6/27/2001,9:28:57","7/2/2001,8:49:02","7/7/2001,13:36:17"
21,451,"6/15/2003,5:07:17","6/20/2003,14:36:38","6/27/2003,9:02:35","7/1/2003,14:44:50"
53,631,"1/2/2009,19:41:48","1/9/2009,16:18:28","1/16/2009,14:19:27","1/23/2009,12:39:19"
92,162,"12/19/2013,5:42:05","12/21/2013,15:26:33","12/24/2013,15:14:00","12/29/2013,6:00:12"
80,449,"6/22/2018,16:08:11","6/25/2018,10:50:08","6/28/2018,11:58:31","7/4/2018,9:10:58"
52,302,"12/17/2010,7:17:07","12/18/2010,14:43:20","12/19/2010,11:04:18","12/24/2010,19:38:23"
68,604,"2/18/2015,14:02:58","2/24/2015,12:58:34","2/25/2015,13:00:08","3/1/2015,13:26:48"
56,223,"11/28/2004,16:57:25","12/1/2004,13:29:32","12/8/2004,10:24:37","12/14/2004,13:39:26"
5,479,"12/24/2006,0:13:44","12/29/2006,15:51:07","12/30/2006,16:07:52","1/1/2007,13:34:52"
21,617,"6/12/2002,4:39:13","6/18/2002,15:49:26","6/24/2002,16:54:56","6/25/2002,11:01:40"
67,101,"6/2/2009,22:39:18","6/4/2009,15:40:33","6/6/2009,15:50:50","6/8/2009,7:30:50"
21,723,"5/23/2017,13:27:35","5/25/2017,8:54:28","5/31/2017,14:02:25","6/2/2017,8:02:58"
22,247,"4/2/2002,10:04:58","4/9/2002,10:28:16","4/15/2002,14:10:14","4/19/2002,13:20:06"
66,414,"12/2/2005,7:27:32","12/9/2005,9:49:33","12/16/2005,9:48:12","12/18/2005,15:37:52"
55,639,"11/8/2014,15:26:21","11/14/2014,14:26:37","11/20/2014,9:24:42","11/26/2014,7:16:31"
50,381,"2/15/2002,14:29:04","2/22/2002,16:22:05","3/1/2002,10:51:08","3/2/2002,13:59:21"
27,300,"8/29/2015,12:33:34","9/1/2015,15:17:32","9/8/2015,8:28:43","9/15/2015,12:06:11"
14,465,"6/13/2001,20:24:50","6/20/2001,8:49:14","6/27/2001,16:32:10","7/3/2001,9:54:02"
52,324,"3/9/2010,16:15:32","3/10/2010,16:10:53","3/16/2010,9:54:03","3/23/2010,11:15:07"
11,377,"10/27/2008,11:52:30","10/30/2008,15:44:45","11/3/2008,8:26:40","11/4/2008,7:47:34"
51,677,"11/19/2016,18:02:14","11/26/2016,9:35:12","11/30/2016,14:28:56","12/4/2016,19:23:28"
25,728,"10/10/2016,10:51:57","10/17/2016,11:19:01","10/21/2016,12:33:16","10/25/2016,10:55:37"
71,463,"2/16/2002,16:22:34","2/23/2002,9:57:58","2/28/2002,10:37:48","3/5/2002,18:33:56"
22,904,"11/10/2002,14:06:46","11/11/2002,9:51:54","11/17/2002,12:22:37","11/21/2002,13:24:35"
52,189,"10/27/2009,20:25:55","11/3/2009,13:38:43","11/6/2009,15:39:11","11/9/2009,12:29:14"
90,280,"1/2/2011,10:24:05","1/4/2011,14:03:05","1/5/2011,12:50:53","1/7/2011,17:04:02"
99,87,"4/24/2015,22:53:40","4/30/2015,12:44:01","5/3/2015,16:51:15","5/5/2015,6:54:36"
16,757,"7/14/2011,18:38:32","7/20/2011,10:36:11","7/25/2011,13:04:12","7/29/2011,14:25:35"
95,859,"12/28/2012,3:42:10","12/29/2012,15:57:31","1/2/2013,14:45:09","1/4/2013,12:08:09"
7,129,"6/6/2003,23:17:00","6/12/2003,12:44:11","6/18/2003,15:29:47","6/23/2003,13:20:15"
73,646,"1/31/2018,13:10:40","2/7/2018,8:12:57","2/12/2018,9:04:52","2/18/2018,12:16:35"
1,140,"4/14/2011,12:59:58","4/18/2011,9:46:51","4/19/2011,12:55:48","4/21/2011,13:55:42"
4,794,"10/2/2014,18:12:59","10/5/2014,10:31:52","10/8/2014,10:30:10","10/12/2014,17:47:56"
79,250,"5/11/2011,14:28:24","5/18/2011,9:38:12","5/19/2011,9:22:49","5/23/2011,18:00:40"
66,720,"7/31/2016,15:41:26","8/2/2016,16:13:04","8/5/2016,16:50:43","8/8/2016,11:41:38"
100,513,"3/25/2011,23:03:27","3/27/2011,10:08:01","3/29/2011,8:34:12","3/31/2011,13:02:52"
97,455,"6/10/2018,6:08:06","6/16/2018,13:12:41","6/17/2018,10:10:04","6/18/2018,14:15:54"
52,939,"10/7/2008,14:47:18","10/13/2008,16:26:36","10/18/2008,16:28:04","10/25/2008,18:15:44"
82,678,"3/31/2002,1:59:25","4/7/2002,8:00:28","4/8/2002,8:28:10","4/12/2002,6:49:50"
15,253,"4/24/2018,12:19:05","4/30/2018,11:57:34","5/2/2018,9:14:26","5/3/2018,18:31:27"
5,607,"7/10/2010,2:57:27","7/14/2010,10:16:21","7/19/2010,9:41:19","7/24/2010,10:17:13"
12,679,"6/27/2007,9:10:21","7/3/2007,16:24:31","7/5/2007,10:20:57","7/9/2007,16:58:35"
37,899,"1/15/2013,12:13:20","1/22/2013,13:48:12","1/23/2013,8:13:41","1/28/2013,17:52:47"
56,141,"3/7/2007,21:40:25","3/8/2007,9:54:55","3/13/2007,15:17:48","3/16/2007,7:44:32"
46,899,"6/15/2004,12:08:04","6/21/2004,14:26:41","6/23/2004,15:17:19","6/27/2004,8:19:25"
33,474,"12/28/2009,20:45:07","12/29/2009,10:58:14","1/5/2010,16:12:52","1/12/2010,10:51:06"
9,488,"8/6/2015,16:40:22","8/12/2015,9:08:22","8/17/2015,13:47:59","8/23/2015,16:54:14"
80,797,"4/19/2006,4:23:49","4/25/2006,13:06:46","4/28/2006,12:53:00","5/2/2006,16:10:00"
57,990,"8/16/2017,11:30:01","8/21/2017,12:07:34","8/25/2017,8:31:04","8/27/2017,9:02:52"
93,572,"9/29/2017,20:40:19","10/1/2017,12:14:18","10/4/2017,15:50:18","10/5/2017,15:16:32"
12,742,"4/25/2009,4:47:10","5/1/2009,14:08:02","5/4/2009,8:20:38","5/5/2009,11:03:10"
9,884,"4/17/2007,0:27:30","4/23/2007,11:27:07","4/26/2007,16:35:15","4/27/2007,13:10:39"
48,253,"8/15/2011,0:25:26","8/19/2011,11:29:42","8/20/2011,14:27:19","8/24/2011,9:48:16"
5,299,"7/6/2012,12:49:02","7/10/2012,13:17:43","7/12/2012,9:08:15","7/19/2012,15:59:38"
78,23,"3/26/2014,11:02:47","3/27/2014,8:48:26","3/30/2014,13:50:50","4/2/2014,8:25:34"
14,379,"5/28/2014,3:52:10","5/29/2014,15:47:17","6/1/2014,8:09:37","6/5/2014,18:20:44"
34,41,"11/21/2007,17:06:33","11/26/2007,13:26:12","11/27/2007,16:26:14","11/29/2007,10:08:14"
76,817,"12/6/2009,21:48:42","12/9/2009,9:47:28","12/16/2009,15:24:34","12/21/2009,17:23:19"
18,314,"10/30/2002,18:25:23","10/31/2002,16:31:23","11/3/2002,11:15:23","11/6/2002,18:28:03"
88,350,"6/27/2007,20:21:58","7/4/2007,11:19:33","7/11/2007,12:08:06","7/13/2007,15:38:54"
20,807,"3/25/2010,7:02:03","3/28/2010,11:48:16","4/1/2010,9:01:00","4/2/2010,15:47:27"
66,662,"3/31/2018,13:13:14","4/3/2018,16:00:41","4/5/2018,13:23:00","4/6/2018,16:56:58"
90,237,"4/22/2016,21:39:17","4/29/2016,15:08:40","5/6/2016,12:46:23","5/11/2016,12:51:55"
75,355,"6/25/2004,7:47:09","6/30/2004,10:45:11","7/3/2004,15:23:24","7/10/2004,6:48:28"
84,601,"7/12/2011,21:19:33","7/19/2011,11:26:12","7/23/2011,10:57:28","7/25/2011,13:44:45"
66,297,"12/9/2012,15:55:25","12/16/2012,13:46:55","12/18/2012,10:48:25","12/23/2012,17:57:51"
27,667,"8/9/2010,16:27:41","8/12/2010,12:31:09","8/13/2010,16:20:14","8/19/2010,10:31:56"
94,763,"8/2/2007,5:16:48","8/6/2007,15:09:13","8/10/2007,10:48:30","8/13/2007,14:02:25"
25,56,"5/13/2016,12:35:39","5/18/2016,9:24:17","5/19/2016,11:29:53","5/23/2016,10:07:51"
70,67,"4/28/2007,14:52:47","4/29/2007,9:41:41","5/5/2007,14:09:04","5/6/2007,19:49:19"
22,299,"3/11/2003,0:37:50","3/15/2003,8:02:07","3/21/2003,16:19:07","3/22/2003,18:04:40"
7,83,"12/24/2015,21:24:32","12/29/2015,12:12:04","1/2/2016,10:36:11","1/4/2016,9:18:24"
84,468,"11/20/2006,10:43:17","11/23/2006,16:42:51","11/30/2006,8:45:19","12/6/2006,13:18:51"
25,109,"7/3/2006,0:18:45","7/9/2006,12:50:50","7/10/2006,10:03:55","7/15/2006,19:17:14"
94,347,"2/5/2008,8:13:54","2/10/2008,15:54:17","2/17/2008,12:34:44","2/23/2008,8:46:54"
98,540,"5/16/2017,15:23:27","5/18/2017,16:19:06","5/19/2017,10:44:24","5/24/2017,14:17:44"
47,368,"3/22/2008,3:10:16","3/28/2008,8:38:34","4/2/2008,10:36:03","4/4/2008,19:56:47"
28,875,"11/8/2018,22:49:51","11/12/2018,10:29:19","11/15/2018,8:55:21","11/22/2018,15:40:39"
69,847,"12/5/2001,18:16:18","12/12/2001,10:06:13","12/14/2001,15:00:21","12/19/2001,9:04:52"
49,398,"1/5/2016,14:07:53","1/6/2016,8:06:37","1/9/2016,16:25:42","1/12/2016,19:27:27"
12,76,"3/7/2003,4:39:16","3/11/2003,12:27:54","3/13/2003,11:02:57","3/14/2003,7:46:24"
19,169,"8/12/2014,18:54:16","8/19/2014,10:41:22","8/23/2014,8:20:20","8/29/2014,10:32:30"
43,382,"12/26/2008,15:19:10","12/28/2008,14:27:57","1/2/2009,13:36:35","1/7/2009,19:51:18"
63,680,"10/4/2003,17:58:35","10/11/2003,11:02:21","10/18/2003,15:17:06","10/22/2003,10:24:07"
33,415,"6/3/2011,8:22:25","6/8/2011,9:15:36","6/13/2011,12:58:14","6/19/2011,16:52:53"
59,719,"9/8/2010,10:22:39","9/12/2010,16:59:17","9/15/2010,12:09:02","9/16/2010,17:37:31"
79,910,"4/7/2008,7:03:29","4/8/2008,15:26:43","4/10/2008,12:13:53","4/14/2008,9:55:34"
51,178,"3/28/2015,23:01:22","4/1/2015,8:02:06","4/2/2015,13:06:23","4/6/2015,15:27:47"
44,507,"5/22/2012,11:10:39","5/25/2012,13:58:31","6/1/2012,8:08:42","6/3/2012,7:31:45"
92,341,"1/29/2013,21:11:02","2/2/2013,16:18:38","2/8/2013,14:28:32","2/14/2013,15:36:29"
46,336,"10/24/2018,3:56:01","10/26/2018,10:35:42","10/31/2018,11:20:22","11/2/2018,17:25:39"
30,588,"4/21/2001,23:01:25","4/24/2001,10:47:29","4/27/2001,8:40:42","5/2/2001,10:59:10"
89,868,"5/13/2005,2:03:36","5/20/2005,14:40:48","5/26/2005,11:34:02","5/29/2005,10:21:43"
11,758,"4/18/2009,20:33:20","4/23/2009,13:22:37","4/27/2009,11:38:49","5/2/2009,7:06:44"
8,778,"10/5/2011,20:17:24","10/10/2011,13:38:41","10/16/2011,16:52:57","10/20/2011,9:28:58"
57,141,"9/20/2001,22:28:34","9/25/2001,16:27:47","9/27/2001,8:44:19","9/30/2001,13:44:27"
64,148,"4/20/2012,18:08:46","4/23/2012,14:17:14","4/25/2012,15:29:10","4/28/2012,13:10:34"
55,873,"4/12/2015,5:50:22","4/19/2015,16:29:44","4/24/2015,16:43:16","4/28/2015,10:29:03"
9,549,"5/9/2011,10:07:33","5/15/2011,15:03:26","5/20/2011,10:53:42","5/23/2011,19:51:56"
61,931,"8/9/2005,0:02:37","8/11/2005,16:47:48","8/15/2005,15:22:17","8/17/2005,13:37:43"
87,848,"11/22/2009,8:18:31","11/23/2009,13:39:40","11/26/2009,9:40:46","12/3/2009,16:17:51"
1,516,"2/19/2013,14:05:25","2/24/2013,14:17:22","2/25/2013,10:08:12","3/1/2013,13:40:12"
94,605,"10/28/2010,22:30:22","10/31/2010,10:47:50","11/3/2010,12:33:33","11/4/2010,7:25:23"
21,134,"6/8/2007,20:14:48","6/14/2007,15:36:02","6/15/2007,8:28:37","6/20/2007,17:36:14"
34,209,"5/1/2002,19:10:32","5/5/2002,9:38:51","5/8/2002,15:54:31","5/9/2002,16:58:02"
67,76,"1/30/2008,19:50:59","2/4/2008,9:55:19","2/9/2008,13:52:03","2/14/2008,17:11:41"
73,496,"6/1/2017,22:44:29","6/7/2017,8:03:06","6/14/2017,12:58:35","6/19/2017,17:20:52"
38,614,"4/5/2012,2:22:10","4/6/2012,16:59:42","4/11/2012,13:05:11","4/14/2012,19:40:10"
6,13,"11/20/2010,16:54:00","11/21/2010,12:15:59","11/27/2010,8:41:22","11/28/2010,18:20:09"
43,193,"2/11/2012,23:30:15","2/15/2012,9:44:55","2/19/2012,8:56:26","2/21/2012,8:16:12"
90,427,"10/15/2018,5:08:51","10/16/2018,14:55:09","10/21/2018,9:53:03","10/24/2018,11:43:13"
90,855,"1/1/2008,22:17:11","1/2/2008,16:12:16","1/6/2008,8:20:53","1/13/2008,6:45:16"
24,302,"7/11/2003,12:42:59","7/16/2003,12:55:41","7/23/2003,10:06:54","7/29/2003,10:24:07"
21,707,"11/16/2002,11:37:53","11/18/2002,11:36:16","11/19/2002,8:30:33","11/26/2002,14:13:01"
91,931,"10/9/2017,6:21:27","10/14/2017,16:15:06","10/20/2017,15:55:06","10/26/2017,6:44:41"
29,984,"3/18/2002,11:43:30","3/19/2002,12:18:30","3/20/2002,15:47:33","3/26/2002,18:44:25"
8,384,"5/9/2012,11:36:24","5/13/2012,9:27:35","5/14/2012,15:56:14","5/21/2012,11:27:49"
96,581,"1/17/2017,10:12:45","1/24/2017,16:07:10","1/26/2017,15:27:11","2/1/2017,14:43:29"
69,209,"11/1/2015,3:53:03","11/8/2015,10:03:04","11/13/2015,16:20:56","11/20/2015,16:37:43"
98,315,"9/25/2008,17:19:17","10/2/2008,16:49:09","10/5/2008,11:07:36","10/6/2008,14:55:06"
16,795,"10/28/2003,4:54:54","11/2/2003,9:45:10","11/9/2003,16:32:54","11/14/2003,12:36:45"
24,247,"11/28/2009,13:58:39","12/5/2009,16:40:57","12/6/2009,8:51:29","12/9/2009,10:57:12"
77,234,"6/8/2014,3:19:25","6/15/2014,13:41:02","6/21/2014,11:11:02","6/22/2014,7:14:57"
11,141,"4/15/2008,15:57:20","4/21/2008,15:01:47","4/27/2008,8:16:06","5/4/2008,6:57:12"
28,2,"12/7/2013,18:16:32","12/10/2013,10:07:56","12/13/2013,8:56:47","12/15/2013,18:45:23"
5,118,"4/30/2009,7:09:21","5/6/2009,10:43:02","5/12/2009,16:49:51","5/18/2009,13:51:31"
42,242,"4/16/2017,6:43:23","4/18/2017,16:17:51","4/19/2017,9:05:11","4/25/2017,14:13:45"
45,674,"5/9/2002,4:01:08","5/14/2002,13:07:49","5/15/2002,9:56:34","5/18/2002,18:19:28"
59,431,"3/11/2015,7:20:17","3/13/2015,15:18:37","3/14/2015,12:52:10","3/21/2015,13:30:33"
49,383,"8/16/2012,22:05:31","8/21/2012,8:14:07","8/26/2012,8:33:35","8/27/2012,13:32:11"
80,890,"12/11/2011,21:36:30","12/14/2011,11:11:19","12/18/2011,16:54:17","12/23/2011,8:43:58"
69,38,"1/11/2003,10:43:44","1/12/2003,8:48:57","1/18/2003,11:00:54","1/19/2003,11:34:06"
4,410,"11/30/2004,12:21:08","12/3/2004,14:39:32","12/4/2004,12:33:00","12/10/2004,14:17:08"
28,750,"10/5/2001,20:45:22","10/6/2001,8:47:46","10/8/2001,12:39:53","10/9/2001,10:09:27"
10,916,"9/11/2012,9:17:46","9/15/2012,11:34:36","9/19/2012,10:27:51","9/26/2012,12:02:42"
69,538,"9/15/2003,0:18:55","9/19/2003,12:29:43","9/25/2003,10:20:10","9/30/2003,12:34:45"
69,594,"7/26/2018,19:01:05","7/28/2018,15:38:36","8/1/2018,14:59:53","8/8/2018,13:27:40"
33,346,"7/4/2007,21:51:42","7/6/2007,14:21:20","7/7/2007,13:45:56","7/8/2007,7:24:47"
78,91,"4/23/2014,2:21:10","4/27/2014,16:00:22","5/4/2014,8:16:32","5/7/2014,7:06:01"
86,501,"10/27/2017,6:17:03","11/1/2017,14:59:12","11/5/2017,10:03:10","11/9/2017,16:13:39"
54,574,"12/12/2007,17:45:00","12/13/2007,12:19:13","12/19/2007,15:26:00","12/20/2007,18:35:24"
17,519,"9/19/2008,21:04:34","9/26/2008,12:57:24","9/29/2008,16:26:23","10/1/2008,14:35:36"
52,925,"12/2/2003,17:17:23","12/5/2003,11:01:10","12/12/2003,16:27:16","12/19/2003,8:25:53"
69,454,"1/25/2014,17:33:12","2/1/2014,10:39:55","2/5/2014,13:46:10","2/9/2014,8:12:19"
62,50,"11/14/2006,16:23:17","11/18/2006,16:45:48","11/19/2006,14:32:20","11/21/2006,6:07:05"
32,983,"11/12/2005,6:45:26","11/13/2005,10:50:50","11/19/2005,10:24:14","11/24/2005,12:03:45"
60,689,"9/2/2001,19:09:52","9/9/2001,11:32:29","9/11/2001,10:26:27","9/13/2001,6:51:26"
94,469,"11/5/2018,2:15:12","11/12/2018,11:41:26","11/16/2018,13:47:00","11/19/2018,13:10:48"
1,876,"8/13/2003,4:30:32","8/18/2003,14:58:50","8/21/2003,16:49:51","8/27/2003,13:02:21"
93,417,"6/1/2010,6:57:33","6/4/2010,11:53:37","6/7/2010,14:40:02","6/12/2010,15:11:54"
95,810,"1/2/2013,9:08:07","1/4/2013,8:02:58","1/11/2013,15:28:34","1/15/2013,11:57:28"
44,262,"1/4/2016,8:53:00","1/7/2016,14:22:44","1/14/2016,14:44:51","1/16/2016,9:09:02"
47,859,"4/6/2014,13:34:04","4/8/2014,12:37:58","4/12/2014,14:02:42","4/19/2014,6:18:39"
57,540,"10/19/2002,12:41:57","10/24/2002,10:14:39","10/27/2002,12:54:32","11/2/2002,17:37:58"
74,735,"12/11/2013,12:23:15","12/15/2013,13:36:09","12/16/2013,9:37:20","12/22/2013,14:06:44"
19,822,"1/13/2008,9:49:45","1/15/2008,15:23:35","1/16/2008,12:47:43","1/18/2008,10:39:06"
88,53,"2/22/2006,2:54:54","2/26/2006,12:19:51","3/4/2006,13:54:46","3/9/2006,7:34:39"
99,189,"8/24/2016,7:28:28","8/28/2016,9:34:05","8/29/2016,14:50:28","9/2/2016,19:12:13"
61,63,"9/27/2018,20:03:55","10/4/2018,8:10:54","10/5/2018,9:26:15","10/9/2018,14:49:40"
58,52,"7/18/2010,4:49:43","7/23/2010,13:18:43","7/26/2010,10:09:56","7/31/2010,13:14:16"
83,491,"8/23/2014,19:57:18","8/29/2014,8:12:47","8/30/2014,12:11:29","9/6/2014,8:33:32"
86,797,"8/20/2001,14:18:27","8/22/2001,9:37:24","8/25/2001,8:43:48","8/31/2001,9:30:22"
32,784,"7/19/2016,19:55:02","7/26/2016,15:31:05","8/1/2016,13:38:12","8/5/2016,15:32:23"
73,976,"7/16/2017,16:33:52","7/17/2017,16:39:31","7/22/2017,13:38:07","7/29/2017,15:31:41"
37,109,"2/12/2018,7:10:33","2/14/2018,14:13:45","2/21/2018,8:17:22","2/24/2018,16:51:00"
87,722,"5/20/2018,14:58:50","5/22/2018,13:55:10","5/25/2018,15:37:37","5/27/2018,16:01:05"
17,260,"12/18/2008,12:42:39","12/20/2008,11:09:12","12/26/2008,16:36:32","12/29/2008,6:33:56"
19,336,"2/25/2005,18:54:39","2/27/2005,12:21:11","3/3/2005,13:37:12","3/4/2005,11:57:43"
58,33,"2/8/2013,23:43:35","2/9/2013,9:12:45","2/11/2013,9:28:13","2/18/2013,18:17:37"
77,251,"10/11/2016,3:44:45","10/17/2016,12:05:54","10/24/2016,10:05:38","10/31/2016,6:38:50"
13,277,"4/9/2004,11:48:27","4/15/2004,16:16:38","4/18/2004,15:56:50","4/20/2004,12:32:12"
43,581,"11/5/2001,12:32:25","11/12/2001,10:28:33","11/13/2001,12:36:07","11/18/2001,8:19:19"
44,225,"8/16/2005,10:23:21","8/18/2005,9:34:56","8/22/2005,13:33:01","8/25/2005,12:30:20"
34,215,"5/8/2005,22:17:18","5/15/2005,15:56:45","5/18/2005,10:00:54","5/19/2005,19:42:49"
56,697,"3/16/2004,10:29:43","3/17/2004,14:20:51","3/23/2004,14:53:24","3/26/2004,15:07:24"
30,374,"10/2/2009,12:47:28","10/8/2009,14:48:38","10/13/2009,14:52:10","10/17/2009,11:28:20"
80,194,"1/18/2005,15:07:50","1/22/2005,13:17:03","1/28/2005,16:15:53","1/29/2005,19:37:09"
40,876,"8/24/2009,6:49:15","8/30/2009,16:33:11","9/2/2009,14:50:55","9/4/2009,12:59:10"
20,220,"4/2/2004,22:19:13","4/9/2004,9:42:31","4/14/2004,16:40:39","4/18/2004,8:36:39"
85,626,"9/29/2009,18:43:07","10/4/2009,10:10:46","10/5/2009,15:03:08","10/8/2009,9:57:54"
45,362,"12/27/2001,6:43:11","12/31/2001,12:46:29","1/2/2002,14:29:31","1/4/2002,8:22:59"
23,293,"5/5/2008,19:53:45","5/8/2008,14:34:32","5/9/2008,14:47:54","5/11/2008,15:37:16"
99,545,"11/4/2013,23:37:35","11/8/2013,11:36:57","11/9/2013,10:04:47","11/13/2013,13:26:24"
4,592,"10/5/2011,21:15:22","10/12/2011,9:34:19","10/16/2011,14:10:41","10/23/2011,9:50:13"
66,188,"11/23/2017,5:38:20","11/29/2017,14:24:33","12/4/2017,10:56:39","12/10/2017,7:10:20"
77,923,"4/30/2016,9:41:38","5/7/2016,9:28:57","5/10/2016,12:39:24","5/11/2016,17:37:15"
24,982,"7/24/2009,18:21:30","7/27/2009,9:04:22","7/31/2009,16:20:42","8/1/2009,16:58:18"
64,67,"3/22/2017,21:59:33","3/28/2017,15:25:46","4/2/2017,12:18:10","4/3/2017,17:05:52"
12,32,"5/29/2002,10:57:23","6/1/2002,10:57:54","6/5/2002,8:15:16","6/7/2002,9:26:26"
33,923,"9/27/2013,7:39:03","10/3/2013,13:39:40","10/7/2013,16:53:49","10/9/2013,11:58:31"
95,49,"2/11/2018,21:52:29","2/18/2018,8:29:43","2/21/2018,12:50:49","2/27/2018,17:53:30"
24,828,"2/26/2015,13:05:13","3/5/2015,14:12:20","3/6/2015,12:46:06","3/8/2015,15:18:11"
15,671,"10/13/2009,21:26:50","10/18/2009,11:17:57","10/25/2009,8:12:53","10/31/2009,19:57:28"
16,71,"2/25/2009,14:13:58","3/4/2009,12:32:03","3/7/2009,9:44:16","3/9/2009,12:52:25"
4,985,"7/12/2013,0:40:50","7/17/2013,9:50:03","7/24/2013,12:50:43","7/28/2013,13:32:12"
8,742,"1/13/2016,21:00:15","1/14/2016,13:33:08","1/16/2016,12:25:13","1/21/2016,15:43:15"
3,870,"7/26/2009,21:22:28","8/1/2009,14:14:44","8/2/2009,13:38:04","8/4/2009,17:58:39"
83,954,"12/4/2010,11:56:30","12/6/2010,14:46:58","12/10/2010,16:00:21","12/17/2010,17:15:01"
27,461,"4/30/2012,17:08:36","5/3/2012,8:02:30","5/9/2012,13:12:59","5/11/2012,16:30:41"
7,562,"1/13/2001,2:05:30","1/15/2001,13:48:03","1/18/2001,9:08:56","1/22/2001,9:20:27"
40,223,"11/7/2005,3:42:34","11/9/2005,14:46:08","11/15/2005,15:35:19","11/16/2005,18:17:55"
35,268,"1/17/2006,9:34:25","1/19/2006,10:01:26","1/24/2006,9:08:32","1/29/2006,19:03:32"
61,298,"5/12/2004,8:29:27","5/14/2004,11:10:09","5/18/2004,9:03:31","5/23/2004,7:32:01"
43,853,"5/10/2009,9:06:38","5/17/2009,11:27:37","5/24/2009,9:42:44","5/28/2009,8:45:16"
90,954,"6/12/2015,3:43:48","6/19/2015,11:04:23","6/22/2015,15:30:50","6/26/2015,13:01:20"
98,141,"10/14/2018,17:04:17","10/19/2018,9:54:03","10/25/2018,16:24:29","10/29/2018,11:04:13"
40,117,"4/9/2006,12:43:30","4/16/2006,11:05:32","4/22/2006,8:15:26","4/29/2006,8:01:14"
25,531,"8/9/2016,12:38:07","8/16/2016,9:51:47","8/21/2016,8:51:07","8/24/2016,11:39:26"
18,30,"11/20/2008,6:47:41","11/22/2008,14:59:46","11/26/2008,9:05:03","11/30/2008,16:22:01"
94,389,"6/1/2010,7:07:54","6/3/2010,15:51:15","6/10/2010,14:08:09","6/16/2010,13:21:13"
47,326,"3/13/2014,3:09:19","3/14/2014,11:25:47","3/19/2014,15:41:37","3/21/2014,6:33:57"
75,465,"6/26/2015,9:09:40","7/3/2015,10:52:26","7/7/2015,13:19:29","7/14/2015,7:01:19"
79,901,"1/22/2005,7:01:16","1/28/2005,12:27:25","2/1/2005,14:20:15","2/3/2005,6:40:15"
43,4,"9/10/2016,15:22:06","9/16/2016,10:25:08","9/21/2016,11:49:46","9/24/2016,16:53:27"
43,636,"5/15/2018,8:50:42","5/17/2018,13:37:19","5/23/2018,9:06:13","5/28/2018,10:07:33"
93,561,"4/8/2013,18:37:33","4/9/2013,15:46:50","4/16/2013,10:35:03","4/17/2013,16:12:33"
8,494,"5/29/2016,19:53:55","6/5/2016,15:24:53","6/7/2016,10:48:29","6/10/2016,15:42:40"
46,99,"6/12/2002,6:40:45","6/14/2002,15:02:38","6/20/2002,8:33:13","6/25/2002,10:38:19"
68,225,"8/2/2002,6:04:52","8/4/2002,14:42:33","8/9/2002,11:32:59","8/11/2002,17:31:01"
21,908,"9/12/2012,9:28:19","9/16/2012,8:01:52","9/17/2012,11:04:01","9/20/2012,8:14:57"
21,756,"2/3/2015,10:38:21","2/8/2015,12:02:39","2/10/2015,13:21:55","2/13/2015,14:46:08"
94,149,"12/17/2005,0:29:28","12/23/2005,11:01:04","12/25/2005,16:51:50","1/1/2006,18:00:20"
67,684,"4/6/2006,7:49:36","4/11/2006,14:39:07","4/13/2006,16:09:56","4/18/2006,16:07:30"
48,623,"8/25/2016,6:00:46","9/1/2016,16:15:58","9/5/2016,11:47:14","9/6/2016,10:19:06"
48,384,"4/24/2003,18:46:59","4/25/2003,8:59:45","4/26/2003,11:52:47","4/27/2003,19:33:02"
34,974,"5/11/2003,14:20:39","5/15/2003,12:03:59","5/17/2003,15:32:19","5/20/2003,8:04:29"
27,317,"6/22/2011,3:04:04","6/25/2011,8:42:00","6/30/2011,11:05:42","7/6/2011,16:12:43"
59,139,"2/2/2018,15:03:41","2/5/2018,11:19:17","2/9/2018,14:21:49","2/11/2018,19:29:07"
68,785,"11/26/2005,10:18:45","11/27/2005,11:32:15","11/30/2005,8:59:10","12/2/2005,16:39:15"
79,973,"4/23/2014,4:50:18","4/27/2014,8:36:28","4/28/2014,15:12:55","5/4/2014,9:07:17"
97,551,"9/15/2008,12:08:05","9/16/2008,13:36:39","9/19/2008,10:26:10","9/21/2008,7:52:31"
3,547,"8/14/2003,8:36:03","8/20/2003,16:22:19","8/24/2003,9:07:47","8/29/2003,10:00:21"
8,632,"8/9/2002,17:58:19","8/15/2002,10:32:20","8/22/2002,13:50:51","8/26/2002,13:04:40"
84,873,"1/31/2008,9:59:34","2/3/2008,11:23:49","2/9/2008,9:30:01","2/10/2008,16:45:21"
26,981,"8/11/2012,7:25:23","8/12/2012,9:12:09","8/16/2012,8:38:07","8/19/2012,11:04:05"
11,955,"12/22/2007,14:45:30","12/29/2007,10:32:59","12/31/2007,16:43:31","1/1/2008,10:20:39"
13,861,"10/20/2001,18:51:20","10/24/2001,13:20:41","10/25/2001,13:03:09","10/28/2001,11:42:04"
29,667,"10/27/2018,19:33:06","10/30/2018,16:33:21","11/6/2018,15:29:53","11/11/2018,12:11:44"
29,62,"12/21/2000,0:10:59","12/24/2000,14:42:42","12/25/2000,15:22:43","12/29/2000,15:43:33"
79,754,"5/31/2003,11:38:37","6/5/2003,12:22:16","6/12/2003,16:25:01","6/17/2003,17:59:56"
13,666,"10/4/2013,10:18:15","10/6/2013,10:08:07","10/10/2013,12:27:53","10/14/2013,17:30:32"
7,109,"6/3/2016,17:13:11","6/9/2016,13:42:11","6/13/2016,12:06:30","6/18/2016,9:08:45"
94,694,"2/29/2008,14:06:05","3/3/2008,8:10:07","3/10/2008,16:00:10","3/11/2008,13:06:34"
32,187,"5/17/2008,13:27:42","5/18/2008,15:14:33","5/25/2008,16:38:16","5/26/2008,12:15:32"
45,216,"5/19/2014,21:22:21","5/25/2014,11:28:12","5/27/2014,15:52:46","5/31/2014,19:36:25"
32,902,"9/30/2016,16:44:37","10/5/2016,11:15:08","10/12/2016,8:13:24","10/14/2016,14:22:40"
60,824,"10/6/2010,12:02:10","10/7/2010,12:16:29","10/12/2010,15:48:22","10/14/2010,6:33:14"
3,359,"7/1/2017,7:02:44","7/4/2017,12:25:11","7/11/2017,12:23:57","7/12/2017,14:47:38"
76,214,"3/27/2002,7:01:15","4/2/2002,10:39:17","4/5/2002,16:41:59","4/11/2002,16:46:31"
3,890,"6/5/2014,23:50:45","6/9/2014,9:01:38","6/13/2014,13:58:01","6/16/2014,16:26:09"
98,713,"4/1/2006,18:06:06","4/5/2006,12:12:15","4/6/2006,13:36:52","4/10/2006,18:42:29"
82,515,"9/15/2003,23:19:11","9/18/2003,12:04:07","9/25/2003,9:04:51","9/29/2003,10:49:46"
67,598,"12/24/2004,14:53:42","12/25/2004,12:42:29","1/1/2005,10:13:46","1/6/2005,10:47:03"
17,865,"10/16/2017,5:20:52","10/17/2017,11:07:09","10/18/2017,8:46:08","10/23/2017,13:35:29"
87,751,"11/6/2015,16:52:14","11/10/2015,15:10:35","11/17/2015,13:15:46","11/21/2015,6:16:24"
64,418,"9/8/2013,5:36:26","9/12/2013,14:39:35","9/17/2013,12:35:55","9/18/2013,17:03:58"
12,521,"4/1/2003,10:24:19","4/3/2003,10:53:25","4/4/2003,14:12:12","4/7/2003,10:35:20"
73,735,"10/5/2004,21:12:30","10/6/2004,10:54:57","10/13/2004,15:37:16","10/16/2004,15:14:05"
87,146,"7/20/2006,7:18:51","7/21/2006,9:05:50","7/22/2006,14:51:21","7/25/2006,15:10:58"
87,686,"4/26/2009,9:34:37","4/30/2009,9:28:52","5/2/2009,11:59:56","5/3/2009,18:20:34"
78,406,"9/8/2009,0:06:53","9/12/2009,11:44:24","9/13/2009,9:01:42","9/18/2009,18:54:59"
38,707,"6/17/2010,10:30:03","6/18/2010,9:16:26","6/19/2010,10:33:46","6/23/2010,9:43:01"
99,646,"6/9/2005,18:21:03","6/11/2005,9:18:08","6/13/2005,9:59:14","6/19/2005,11:06:51"
62,687,"11/12/2003,7:50:20","11/19/2003,16:16:56","11/24/2003,11:36:08","11/30/2003,16:51:26"
61,38,"12/10/2008,16:16:44","12/12/2008,12:35:31","12/16/2008,16:01:59","12/20/2008,17:52:24"
76,602,"8/27/2007,12:03:03","8/28/2007,11:38:43","9/2/2007,16:10:42","9/3/2007,15:33:00"
51,438,"10/25/2001,1:45:11","10/29/2001,8:46:34","11/3/2001,15:18:55","11/10/2001,18:32:42"
75,102,"9/11/2005,13:56:49","9/16/2005,15:50:18","9/20/2005,10:27:39","9/26/2005,14:11:06"
8,512,"9/24/2010,21:47:38","9/28/2010,12:18:46","10/3/2010,16:17:33","10/7/2010,10:59:14"
43,659,"11/9/2018,15:49:28","11/11/2018,12:36:27","11/17/2018,16:57:36","11/19/2018,7:56:30"
3,20,"4/21/2015,23:27:49","4/22/2015,15:01:29","4/26/2015,16:11:09","5/1/2015,6:53:04"
37,951,"1/14/2010,16:20:44","1/19/2010,16:31:27","1/23/2010,13:17:32","1/26/2010,16:00:24"
6,106,"1/16/2005,7:32:23","1/18/2005,13:58:55","1/25/2005,12:34:40","1/27/2005,13:38:09"
81,792,"6/1/2017,14:49:55","6/7/2017,11:06:03","6/9/2017,12:03:30","6/16/2017,11:50:31"
66,311,"4/19/2006,14:35:52","4/21/2006,14:39:40","4/27/2006,11:52:55","4/28/2006,18:04:33"
42,552,"4/23/2017,8:41:30","4/29/2017,15:18:00","5/2/2017,8:14:40","5/9/2017,17:41:31"
65,493,"11/26/2002,7:19:05","12/1/2002,8:01:25","12/7/2002,10:05:45","12/8/2002,10:13:32"
78,750,"8/9/2017,22:18:27","8/11/2017,10:59:50","8/15/2017,10:52:04","8/20/2017,7:49:37"
43,512,"10/18/2016,15:42:54","10/21/2016,15:39:09","10/22/2016,11:16:50","10/23/2016,15:54:05"
83,44,"2/8/2007,11:24:45","2/15/2007,14:57:42","2/21/2007,12:26:39","2/26/2007,6:07:55"
79,47,"10/28/2009,4:03:17","11/2/2009,13:21:06","11/8/2009,10:47:15","11/13/2009,13:43:04"
42,84,"6/11/2003,6:53:17","6/14/2003,11:32:49","6/17/2003,16:51:56","6/22/2003,12:37:07"
30,112,"7/24/2018,22:51:53","7/26/2018,8:55:32","8/1/2018,12:44:16","8/2/2018,17:17:44"
6,969,"5/23/2004,6:39:19","5/28/2004,16:16:13","5/29/2004,15:40:04","6/2/2004,17:42:06"
55,905,"8/12/2007,22:42:17","8/19/2007,16:24:54","8/26/2007,10:45:00","8/30/2007,16:29:36"
32,446,"1/21/2016,4:17:56","1/24/2016,15:02:45","1/27/2016,10:25:27","2/2/2016,11:50:25"
10,110,"10/18/2017,4:51:03","10/19/2017,8:29:28","10/20/2017,9:24:37","10/27/2017,17:42:19"
100,133,"12/30/2011,2:00:06","1/3/2012,14:42:59","1/5/2012,12:06:01","1/6/2012,9:13:22"
35,567,"5/8/2016,4:12:22","5/11/2016,11:51:08","5/18/2016,15:31:36","5/25/2016,7:25:51"
63,270,"3/25/2006,13:45:09","3/27/2006,13:33:07","3/31/2006,10:51:07","4/4/2006,13:44:03"
61,269,"4/10/2015,22:43:41","4/12/2015,16:37:08","4/13/2015,12:11:30","4/17/2015,7:12:21"
98,167,"3/28/2010,21:45:20","4/3/2010,11:29:51","4/4/2010,11:19:54","4/11/2010,16:09:22"
53,752,"6/19/2006,20:05:50","6/23/2006,8:57:20","6/24/2006,10:41:58","6/30/2006,15:18:32"
29,750,"6/26/2011,20:14:51","7/1/2011,16:25:02","7/7/2011,8:41:50","7/9/2011,18:50:00"
90,147,"9/29/2003,17:10:36","10/1/2003,9:40:03","10/2/2003,9:44:59","10/5/2003,8:48:42"
22,754,"12/15/2003,18:21:36","12/21/2003,13:40:55","12/25/2003,16:58:23","12/28/2003,11:04:12"
46,414,"2/28/2016,5:22:01","3/6/2016,8:52:57","3/12/2016,15:23:54","3/17/2016,10:03:04"
99,784,"12/2/2001,22:49:49","12/6/2001,9:07:03","12/10/2001,13:11:15","12/14/2001,15:33:35"
75,854,"12/13/2001,11:03:18","12/17/2001,13:32:00","12/18/2001,9:14:34","12/24/2001,17:11:03"
37,136,"10/12/2006,17:55:15","10/18/2006,9:34:59","10/25/2006,15:00:33","10/31/2006,16:03:04"
42,463,"6/13/2009,18:39:58","6/17/2009,8:54:44","6/24/2009,14:00:45","6/27/2009,12:40:44"
93,213,"3/3/2013,17:30:25","3/4/2013,8:27:56","3/9/2013,10:23:37","3/10/2013,9:29:29"
2,593,"12/1/2012,12:10:36","12/4/2012,13:45:31","12/11/2012,11:53:32","12/12/2012,14:20:07"
51,548,"2/5/2018,1:26:36","2/10/2018,10:51:47","2/14/2018,9:08:40","2/15/2018,18:31:12"
75,308,"12/25/2006,13:06:53","12/28/2006,16:50:10","12/29/2006,10:29:56","1/3/2007,8:42:56"
69,785,"7/31/2003,2:54:25","8/3/2003,15:57:49","8/5/2003,11:05:35","8/8/2003,15:24:54"
97,186,"4/13/2012,1:40:39","4/18/2012,14:04:14","4/25/2012,16:30:47","4/27/2012,14:09:50"
60,30,"6/25/2008,10:28:22","6/26/2008,8:43:12","7/1/2008,10:30:49","7/6/2008,12:31:11"
7,670,"10/21/2004,6:57:38","10/22/2004,12:47:31","10/28/2004,8:39:15","10/29/2004,7:25:28"
82,186,"12/16/2000,15:41:50","12/18/2000,11:17:58","12/25/2000,15:44:13","12/30/2000,19:07:08"
58,306,"2/26/2001,20:31:39","2/28/2001,8:58:15","3/4/2001,9:14:44","3/8/2001,19:25:24"
89,829,"6/18/2008,2:25:28","6/22/2008,11:34:33","6/24/2008,11:26:50","7/1/2008,17:40:06"
7,734,"12/8/2005,16:25:46","12/15/2005,11:39:17","12/16/2005,12:36:49","12/20/2005,17:10:45"
90,639,"3/20/2002,1:12:37","3/27/2002,9:26:24","4/2/2002,14:31:57","4/4/2002,10:02:56"
35,145,"9/6/2001,17:00:34","9/12/2001,10:23:19","9/13/2001,12:49:41","9/18/2001,6:09:55"
33,885,"3/1/2008,12:51:59","3/8/2008,9:24:23","3/12/2008,15:43:16","3/15/2008,13:42:51"
97,641,"11/5/2010,14:36:32","11/12/2010,14:33:16","11/17/2010,11:52:44","11/23/2010,11:33:15"
31,437,"11/2/2004,9:10:40","11/3/2004,14:01:04","11/10/2004,8:23:02","11/16/2004,17:43:43"
77,915,"12/5/2004,4:53:59","12/12/2004,13:57:57","12/17/2004,8:14:53","12/18/2004,18:57:24"
15,13,"3/9/2012,19:08:39","3/12/2012,16:56:48","3/17/2012,11:34:13","3/20/2012,6:45:52"
1,826,"12/30/2010,23:24:05","1/6/2011,11:34:42","1/13/2011,16:28:28","1/17/2011,6:12:49"
72,245,"10/2/2004,14:19:42","10/8/2004,15:36:30","10/10/2004,13:31:27","10/12/2004,7:58:13"
8,144,"1/24/2010,3:59:53","1/27/2010,14:07:49","1/31/2010,16:41:48","2/4/2010,13:03:53"
75,709,"6/10/2012,22:01:11","6/16/2012,13:16:19","6/19/2012,10:05:31","6/26/2012,7:33:46"
49,178,"9/20/2006,17:08:30","9/25/2006,9:24:23","10/2/2006,8:14:01","10/4/2006,11:16:22"
35,561,"10/5/2012,20:59:13","10/9/2012,10:57:26","10/10/2012,9:45:05","10/12/2012,10:17:40"
87,122,"6/20/2013,8:34:56","6/25/2013,10:42:26","6/29/2013,13:35:06","7/5/2013,17:59:39"
7,935,"11/25/2012,5:38:39","11/30/2012,11:15:46","12/7/2012,11:47:47","12/11/2012,17:06:08"
6,927,"5/25/2001,20:02:48","5/29/2001,14:37:41","6/2/2001,10:15:28","6/8/2001,14:59:56"
97,468,"4/14/2015,12:01:52","4/18/2015,14:37:39","4/19/2015,15:34:05","4/24/2015,11:13:23"
11,409,"1/5/2001,15:15:46","1/9/2001,11:46:17","1/14/2001,16:29:01","1/19/2001,11:18:54"
42,732,"10/27/2004,8:59:03","10/31/2004,9:57:49","11/4/2004,9:07:36","11/10/2004,16:47:59"
28,790,"6/3/2008,11:20:23","6/7/2008,9:24:57","6/10/2008,16:38:20","6/12/2008,6:43:49"
30,939,"3/3/2011,19:44:21","3/9/2011,8:26:23","3/14/2011,11:17:58","3/17/2011,19:57:16"
61,655,"12/17/2016,21:10:39","12/18/2016,11:00:19","12/23/2016,9:41:40","12/30/2016,11:09:31"
71,931,"2/15/2001,18:34:54","2/17/2001,8:08:15","2/21/2001,9:07:20","2/22/2001,6:36:16"
55,403,"2/2/2014,1:38:03","2/4/2014,11:15:34","2/7/2014,11:05:40","2/11/2014,11:32:00"
37,492,"10/28/2004,15:26:25","11/2/2004,14:55:40","11/7/2004,8:27:01","11/10/2004,7:32:55"
10,637,"5/21/2001,2:14:36","5/26/2001,13:08:58","5/29/2001,8:07:26","5/30/2001,13:26:06"
56,953,"11/27/2004,5:37:33","11/28/2004,10:01:00","11/29/2004,12:16:40","12/6/2004,15:15:29"
55,667,"10/18/2003,6:50:16","10/25/2003,13:32:11","10/26/2003,10:45:31","10/28/2003,17:02:20"
72,571,"2/17/2012,17:35:05","2/23/2012,16:14:52","2/25/2012,10:56:16","2/29/2012,7:51:10"
80,98,"4/29/2017,22:38:33","5/6/2017,13:49:28","5/8/2017,8:20:56","5/15/2017,10:45:16"
93,720,"12/7/2008,15:49:09","12/11/2008,13:25:12","12/12/2008,10:10:17","12/16/2008,12:00:23"
93,654,"1/18/2018,19:23:18","1/19/2018,9:03:00","1/25/2018,16:30:43","2/1/2018,12:52:51"
54,120,"2/9/2017,6:01:27","2/11/2017,15:22:26","2/12/2017,9:17:57","2/16/2017,11:36:37"
45,608,"7/29/2009,18:10:12","8/4/2009,10:50:43","8/10/2009,8:45:15","8/13/2009,11:54:12"
46,570,"5/22/2018,6:59:03","5/26/2018,12:24:41","5/28/2018,10:55:43","6/2/2018,13:49:14"
18,211,"1/15/2005,0:28:11","1/16/2005,11:27:52","1/18/2005,12:09:38","1/21/2005,9:59:32"
72,449,"1/18/2018,22:17:04","1/20/2018,9:00:34","1/22/2018,15:09:56","1/28/2018,10:04:25"
40,319,"12/19/2000,19:21:19","12/21/2000,11:38:52","12/24/2000,13:18:34","12/31/2000,14:47:45"
38,67,"3/19/2004,12:51:35","3/24/2004,8:04:10","3/28/2004,9:34:47","4/1/2004,11:52:53"
18,71,"6/9/2005,8:20:43","6/16/2005,12:52:03","6/21/2005,16:45:59","6/24/2005,16:16:51"
92,244,"12/30/2008,15:18:37","1/4/2009,11:52:30","1/5/2009,16:23:33","1/10/2009,14:45:50"
69,239,"5/27/2006,8:19:50","6/1/2006,12:30:51","6/2/2006,12:19:57","6/3/2006,8:41:15"
23,218,"9/9/2005,16:36:19","9/14/2005,9:15:21","9/17/2005,14:31:24","9/20/2005,18:40:05"
62,462,"9/3/2002,19:11:08","9/8/2002,12:55:42","9/14/2002,15:00:39","9/16/2002,15:57:25"
28,842,"7/11/2018,3:03:07","7/12/2018,8:10:30","7/19/2018,14:11:52","7/26/2018,16:35:33"
51,145,"7/24/2009,16:40:31","7/26/2009,16:18:55","7/31/2009,15:50:55","8/4/2009,16:58:05"
50,336,"5/26/2005,7:40:34","5/29/2005,13:53:37","6/2/2005,10:58:46","6/3/2005,9:02:17"
43,669,"8/22/2006,22:59:38","8/28/2006,11:31:19","8/30/2006,11:47:17","8/31/2006,6:02:50"
93,568,"9/14/2004,4:31:53","9/21/2004,11:21:11","9/26/2004,13:57:00","10/3/2004,11:04:24"
100,81,"6/1/2004,9:10:51","6/3/2004,14:20:05","6/4/2004,12:40:27","6/10/2004,18:31:56"
17,672,"5/11/2014,5:05:21","5/12/2014,15:58:02","5/19/2014,15:33:40","5/21/2014,18:05:30"
8,802,"5/29/2016,7:22:28","6/5/2016,9:09:51","6/12/2016,10:24:03","6/13/2016,10:58:29"
4,649,"12/21/2010,14:57:46","12/26/2010,14:35:34","1/1/2011,12:12:54","1/2/2011,10:27:37"
33,257,"11/21/2016,0:57:56","11/22/2016,10:37:16","11/23/2016,9:02:40","11/28/2016,18:19:38"
12,100,"5/8/2007,0:20:05","5/14/2007,10:52:14","5/17/2007,8:38:30","5/22/2007,9:32:49"
35,248,"12/19/2000,5:14:22","12/22/2000,14:23:11","12/24/2000,14:28:03","12/27/2000,19:54:43"
15,700,"6/7/2001,17:40:20","6/14/2001,14:03:50","6/16/2001,9:48:38","6/22/2001,12:01:02"
100,375,"6/14/2015,12:41:27","6/18/2015,11:31:54","6/25/2015,10:54:18","6/29/2015,10:00:40"
41,839,"1/22/2015,22:42:51","1/27/2015,8:30:28","2/2/2015,16:00:25","2/8/2015,10:31:46"
74,705,"6/9/2002,5:21:47","6/10/2002,14:08:46","6/17/2002,12:43:52","6/19/2002,7:46:59"
99,79,"7/23/2016,17:02:28","7/29/2016,13:47:25","8/4/2016,13:12:00","8/9/2016,6:42:54"
100,831,"9/11/2015,15:34:32","9/13/2015,12:34:43","9/16/2015,16:39:40","9/23/2015,7:29:10"
84,139,"3/28/2005,1:44:59","3/31/2005,10:44:57","4/5/2005,10:38:58","4/10/2005,15:39:53"
3,604,"7/16/2011,7:48:15","7/23/2011,14:17:43","7/28/2011,8:22:10","7/31/2011,13:24:47"
23,65,"5/1/2011,20:45:56","5/7/2011,10:54:07","5/14/2011,15:43:57","5/19/2011,16:34:35"
13,353,"3/30/2001,1:00:04","4/5/2001,8:31:31","4/8/2001,8:11:57","4/14/2001,16:37:31"
30,32,"10/1/2007,15:54:16","10/6/2007,9:08:54","10/11/2007,10:13:36","10/17/2007,19:55:35"
52,214,"1/19/2016,12:10:49","1/21/2016,8:34:48","1/28/2016,13:16:36","2/4/2016,12:56:51"
58,553,"3/6/2002,9:34:21","3/8/2002,10:13:34","3/10/2002,8:22:48","3/12/2002,9:05:37"
31,179,"1/15/2008,9:39:14","1/18/2008,13:44:43","1/23/2008,10:22:25","1/26/2008,11:08:17"
46,445,"2/8/2018,11:54:17","2/11/2018,13:27:47","2/17/2018,16:37:22","2/18/2018,10:42:09"
92,815,"12/12/2006,16:29:28","12/13/2006,14:11:19","12/15/2006,16:32:49","12/16/2006,14:35:28"
10,30,"3/26/2014,18:53:20","3/30/2014,16:37:48","3/31/2014,16:44:42","4/4/2014,10:41:38"
7,277,"1/3/2008,20:01:53","1/4/2008,8:18:48","1/10/2008,11:34:57","1/17/2008,19:02:55"
76,598,"10/24/2008,17:53:59","10/29/2008,12:02:05","10/30/2008,9:55:44","11/3/2008,10:09:02"
25,38,"4/10/2012,7:47:30","4/14/2012,10:38:53","4/20/2012,10:13:33","4/23/2012,18:05:32"
94,62,"4/8/2009,18:41:00","4/10/2009,12:36:29","4/17/2009,15:28:13","4/23/2009,8:50:53"
85,62,"10/19/2003,23:48:03","10/22/2003,13:56:51","10/29/2003,12:46:17","11/4/2003,9:24:32"
64,959,"12/27/2015,3:41:16","1/2/2016,11:18:57","1/7/2016,11:18:55","1/13/2016,13:09:08"
9,560,"3/26/2008,20:05:11","3/27/2008,14:54:50","3/29/2008,14:58:13","4/2/2008,10:50:11"
72,666,"12/13/2017,4:16:39","12/18/2017,8:34:45","12/24/2017,11:46:02","12/27/2017,14:44:08"
23,609,"6/16/2017,18:00:15","6/22/2017,8:26:30","6/26/2017,11:24:21","7/2/2017,15:23:42"
94,346,"1/26/2003,19:15:05","1/30/2003,10:13:14","2/2/2003,8:53:35","2/9/2003,8:20:28"
85,154,"12/28/2005,15:39:24","12/31/2005,13:05:34","1/2/2006,9:39:43","1/5/2006,17:32:21"
87,961,"11/29/2014,3:17:35","12/6/2014,14:37:56","12/7/2014,10:31:49","12/11/2014,16:21:45"
79,946,"5/29/2011,11:20:05","6/2/2011,15:14:02","6/9/2011,9:22:55","6/14/2011,9:12:21"
62,157,"4/17/2008,14:31:33","4/24/2008,12:08:21","4/25/2008,11:41:31","5/2/2008,18:04:16"
42,399,"1/24/2002,9:14:29","1/30/2002,11:35:33","2/4/2002,10:50:08","2/11/2002,16:22:23"
95,84,"8/17/2012,6:27:43","8/23/2012,16:40:09","8/29/2012,12:12:13","9/2/2012,8:58:54"
79,749,"4/26/2007,6:39:32","4/28/2007,11:31:22","5/5/2007,14:53:46","5/9/2007,17:27:39"
47,57,"9/2/2014,16:26:37","9/4/2014,13:30:22","9/6/2014,8:14:12","9/8/2014,11:52:43"
27,845,"8/7/2009,21:25:34","8/9/2009,14:15:41","8/11/2009,9:37:35","8/13/2009,17:44:55"
32,415,"12/10/2008,22:10:31","12/15/2008,9:37:58","12/19/2008,9:07:27","12/21/2008,11:32:19"
75,132,"7/15/2014,1:11:43","7/19/2014,12:20:58","7/26/2014,11:38:17","8/1/2014,11:26:39"
68,117,"3/11/2003,10:24:45","3/17/2003,9:26:46","3/20/2003,8:12:19","3/26/2003,8:01:30"
34,727,"11/22/2017,14:52:52","11/23/2017,13:44:33","11/27/2017,15:37:23","11/30/2017,18:38:38"
21,527,"12/10/2014,13:09:20","12/12/2014,14:34:12","12/16/2014,11:53:30","12/20/2014,11:03:29"
41,396,"8/18/2014,5:44:47","8/24/2014,13:20:08","8/25/2014,12:25:08","8/27/2014,11:30:18"
32,678,"2/6/2006,2:21:00","2/12/2006,12:12:31","2/16/2006,13:29:17","2/21/2006,15:21:20"
60,710,"8/11/2006,10:05:08","8/16/2006,8:44:50","8/21/2006,8:21:26","8/28/2006,16:34:51"
45,932,"4/3/2012,6:39:26","4/6/2012,11:56:24","4/9/2012,10:54:33","4/10/2012,18:08:08"
90,877,"10/20/2012,17:44:54","10/26/2012,8:56:52","10/27/2012,9:49:30","10/28/2012,13:43:42"
92,578,"8/18/2010,23:52:47","8/25/2010,8:32:31","8/27/2010,9:30:41","8/30/2010,19:06:20"
55,740,"7/20/2013,9:35:04","7/23/2013,15:40:40","7/26/2013,14:26:07","8/1/2013,14:54:21"
42,511,"10/15/2016,3:01:19","10/18/2016,16:11:38","10/19/2016,12:09:42","10/23/2016,13:35:28"
25,386,"10/19/2011,17:44:25","10/25/2011,9:11:04","10/27/2011,9:13:17","10/28/2011,18:30:38"
27,783,"9/11/2011,4:08:26","9/13/2011,15:01:39","9/20/2011,16:02:34","9/22/2011,7:01:48"
50,155,"12/7/2002,5:23:18","12/14/2002,8:27:15","12/15/2002,12:15:47","12/17/2002,15:03:57"
16,609,"12/11/2004,20:41:30","12/16/2004,13:17:12","12/18/2004,8:32:35","12/24/2004,8:27:56"
79,655,"1/26/2011,2:57:35","1/31/2011,13:02:09","2/3/2011,11:15:41","2/5/2011,15:10:49"
57,270,"12/16/2004,21:50:57","12/18/2004,13:12:02","12/25/2004,13:23:25","12/27/2004,6:34:01"
17,808,"7/31/2018,13:01:59","8/4/2018,15:30:02","8/5/2018,15:46:22","8/9/2018,9:29:29"
32,872,"6/5/2018,23:38:34","6/9/2018,16:03:00","6/10/2018,15:15:45","6/14/2018,9:48:06"
42,668,"7/17/2016,5:00:51","7/19/2016,8:58:30","7/24/2016,15:47:16","7/31/2016,14:16:34"
85,214,"1/10/2009,18:34:19","1/17/2009,15:42:40","1/18/2009,10:45:29","1/20/2009,11:48:26"
32,928,"11/20/2003,3:36:46","11/21/2003,14:32:26","11/26/2003,16:51:39","12/3/2003,7:48:48"
42,758,"11/24/2004,23:14:07","11/26/2004,9:36:20","11/30/2004,14:29:29","12/5/2004,8:52:38"
63,584,"9/17/2017,12:05:46","9/24/2017,11:44:39","9/28/2017,16:51:53","10/1/2017,9:46:40"
80,262,"9/26/2006,22:12:26","10/1/2006,10:40:03","10/8/2006,9:19:12","10/14/2006,17:23:11"
26,683,"7/17/2001,15:13:16","7/18/2001,8:57:44","7/23/2001,15:43:49","7/25/2001,15:01:47"
42,782,"5/25/2013,19:57:06","5/29/2013,8:39:19","6/2/2013,15:33:05","6/4/2013,18:30:32"
30,718,"7/14/2001,11:37:12","7/16/2001,12:00:45","7/21/2001,12:34:20","7/27/2001,10:34:38"
96,12,"12/25/2000,6:11:05","12/31/2000,11:09:26","1/4/2001,10:20:44","1/5/2001,13:25:10"
91,28,"3/27/2001,21:05:30","3/29/2001,12:40:20","4/1/2001,11:52:30","4/8/2001,7:16:47"
85,370,"12/7/2014,19:41:40","12/9/2014,8:31:33","12/13/2014,14:01:11","12/14/2014,15:57:14"
79,120,"9/3/2013,3:44:03","9/7/2013,16:12:39","9/8/2013,12:52:53","9/14/2013,17:25:25"
26,885,"5/27/2002,7:55:45","5/29/2002,14:55:20","5/30/2002,14:20:36","6/1/2002,9:19:38"
96,128,"12/10/2013,12:55:57","12/11/2013,16:34:48","12/14/2013,10:37:18","12/17/2013,12:32:14"
90,933,"12/29/2002,19:38:28","12/30/2002,15:27:20","1/1/2003,8:32:38","1/7/2003,19:27:04"
90,141,"9/14/2008,8:08:20","9/19/2008,10:06:04","9/26/2008,13:11:55","10/2/2008,17:51:04"
45,528,"3/13/2008,13:48:22","3/17/2008,8:34:44","3/18/2008,16:06:17","3/19/2008,9:01:49"
10,110,"9/23/2013,7:02:57","9/30/2013,10:08:53","10/1/2013,8:33:00","10/2/2013,17:13:24"
36,990,"5/9/2007,0:00:09","5/13/2007,13:18:13","5/15/2007,13:56:42","5/18/2007,6:10:05"
41,355,"1/18/2016,22:05:10","1/25/2016,14:22:04","1/28/2016,10:01:23","1/31/2016,11:02:29"
56,733,"6/28/2014,4:57:02","7/1/2014,16:49:27","7/8/2014,14:00:02","7/14/2014,16:52:04"
66,548,"12/9/2016,3:36:12","12/12/2016,15:06:34","12/13/2016,12:34:35","12/18/2016,16:33:13"
40,261,"2/8/2009,17:14:41","2/15/2009,16:18:36","2/19/2009,9:14:47","2/21/2009,9:44:37"
90,165,"12/19/2009,5:25:34","12/21/2009,10:26:40","12/26/2009,9:31:26","1/2/2010,15:03:03"
18,940,"4/9/2008,5:34:03","4/11/2008,9:07:46","4/13/2008,9:33:56","4/16/2008,14:57:34"
65,934,"8/31/2002,19:14:36","9/3/2002,8:52:58","9/4/2002,8:02:16","9/9/2002,7:16:14"
14,995,"11/13/2003,9:08:11","11/16/2003,15:08:38","11/22/2003,10:08:28","11/29/2003,17:50:02"
84,840,"9/12/2006,21:47:59","9/14/2006,14:39:22","9/21/2006,10:41:46","9/24/2006,12:54:03"
49,108,"3/24/2017,19:48:10","3/28/2017,8:14:09","4/4/2017,8:06:25","4/11/2017,19:25:15"
63,7,"6/21/2012,3:55:04","6/23/2012,10:11:48","6/25/2012,15:33:18","7/1/2012,7:23:28"
6,891,"12/4/2002,18:26:38","12/9/2002,14:53:40","12/14/2002,9:48:04","12/21/2002,15:44:36"
33,326,"2/24/2001,10:55:11","2/26/2001,8:23:05","3/3/2001,9:21:07","3/10/2001,8:45:46"
51,581,"9/23/2002,15:52:58","9/30/2002,11:00:16","10/5/2002,16:54:12","10/11/2002,15:07:44"
8,107,"12/23/2004,8:10:06","12/27/2004,9:39:35","1/3/2005,13:46:13","1/5/2005,19:48:12"
92,894,"12/25/2009,21:40:24","12/29/2009,13:03:09","1/4/2010,14:26:10","1/5/2010,17:32:58"
48,88,"2/19/2010,10:14:27","2/24/2010,14:09:19","2/27/2010,16:30:25","3/5/2010,14:48:40"
17,115,"6/14/2007,19:39:20","6/17/2007,9:12:19","6/21/2007,14:38:52","6/24/2007,6:15:51"
91,324,"10/3/2006,2:45:46","10/8/2006,8:53:52","10/10/2006,11:34:18","10/17/2006,13:04:49"
74,815,"1/2/2015,11:27:50","1/5/2015,9:50:53","1/8/2015,14:02:04","1/9/2015,16:20:06"
41,749,"11/1/2012,2:31:59","11/7/2012,14:39:43","11/9/2012,10:33:39","11/15/2012,12:41:15"
51,571,"7/26/2016,18:29:26","8/1/2016,16:27:31","8/3/2016,10:21:51","8/9/2016,9:01:28"
13,859,"10/26/2004,11:19:57","10/31/2004,16:54:18","11/6/2004,12:30:44","11/11/2004,6:20:08"
87,95,"6/29/2011,8:33:39","7/1/2011,11:26:04","7/4/2011,12:48:15","7/7/2011,10:36:06"
77,920,"1/13/2007,4:37:56","1/18/2007,9:38:16","1/22/2007,15:02:56","1/26/2007,15:21:15"
5,91,"2/23/2002,5:14:08","2/25/2002,15:31:02","3/3/2002,13:16:26","3/6/2002,9:45:36"
35,283,"4/25/2007,19:35:06","5/1/2007,16:44:51","5/7/2007,10:13:20","5/10/2007,14:34:34"
29,218,"10/5/2002,0:45:41","10/12/2002,8:16:05","10/13/2002,16:29:04","10/19/2002,7:36:42"
40,268,"5/21/2007,0:09:36","5/23/2007,13:36:59","5/29/2007,9:18:38","6/4/2007,10:39:15"
26,691,"5/17/2018,7:12:12","5/22/2018,10:51:28","5/25/2018,12:57:27","5/29/2018,19:05:37"
37,817,"4/22/2001,16:19:25","4/28/2001,12:47:25","5/4/2001,12:19:47","5/7/2001,8:26:32"
82,62,"3/9/2001,16:26:21","3/14/2001,14:19:42","3/19/2001,9:16:23","3/26/2001,14:42:55"
24,145,"2/5/2013,0:57:10","2/6/2013,15:49:39","2/8/2013,13:14:46","2/15/2013,9:43:26"
48,269,"3/15/2009,10:11:43","3/19/2009,9:44:07","3/20/2009,12:42:05","3/27/2009,8:17:16"
55,716,"8/20/2006,23:38:23","8/27/2006,11:24:59","9/1/2006,13:16:16","9/7/2006,10:32:14"
12,877,"1/27/2004,19:10:56","1/31/2004,9:00:05","2/1/2004,9:38:53","2/5/2004,7:41:47"
52,892,"8/29/2002,10:52:20","8/30/2002,10:22:00","9/3/2002,12:10:37","9/9/2002,17:58:06"
91,168,"6/3/2008,9:16:28","6/6/2008,14:05:38","6/7/2008,13:51:41","6/10/2008,7:36:25"
61,994,"11/1/2007,2:08:46","11/8/2007,9:29:52","11/12/2007,12:23:35","11/19/2007,10:51:13"
43,308,"3/9/2004,14:48:46","3/10/2004,13:37:14","3/11/2004,13:49:44","3/15/2004,9:03:54"
43,700,"10/14/2007,20:37:25","10/21/2007,11:12:39","10/27/2007,12:27:44","10/28/2007,8:19:23"
2,382,"4/16/2015,21:12:04","4/23/2015,9:12:46","4/25/2015,11:24:30","5/2/2015,9:00:27"
77,751,"2/12/2002,19:06:47","2/13/2002,8:36:34","2/18/2002,14:39:00","2/24/2002,6:12:53"
33,356,"12/4/2008,7:42:02","12/11/2008,13:24:42","12/12/2008,16:49:40","12/19/2008,6:23:56"
36,864,"9/11/2003,0:03:56","9/12/2003,16:43:08","9/16/2003,9:57:37","9/17/2003,7:30:26"
22,524,"6/15/2011,18:40:11","6/18/2011,13:15:00","6/20/2011,12:53:30","6/24/2011,14:45:48"
98,818,"11/17/2011,0:54:26","11/23/2011,15:45:54","11/30/2011,14:33:17","12/4/2011,6:00:45"
52,96,"9/15/2006,0:11:41","9/16/2006,14:30:41","9/19/2006,9:34:22","9/25/2006,8:43:55"
42,316,"8/1/2014,10:37:47","8/3/2014,12:05:24","8/4/2014,13:15:49","8/8/2014,12:04:26"
89,755,"6/10/2003,18:56:43","6/14/2003,12:16:56","6/19/2003,14:42:06","6/24/2003,13:15:22"
70,939,"7/17/2017,6:03:50","7/20/2017,12:20:24","7/22/2017,14:34:55","7/27/2017,17:34:43"
84,307,"10/13/2001,10:35:17","10/19/2001,9:44:39","10/24/2001,12:47:09","10/31/2001,8:46:59"
23,197,"10/1/2008,17:41:16","10/4/2008,15:06:20","10/10/2008,14:50:03","10/16/2008,15:17:20"
72,320,"10/30/2002,10:12:29","11/3/2002,13:19:53","11/4/2002,9:43:30","11/11/2002,10:42:25"
44,882,"2/9/2011,3:49:02","2/12/2011,13:51:49","2/19/2011,14:27:19","2/20/2011,11:47:56"
31,472,"8/24/2002,13:26:01","8/25/2002,15:15:42","8/27/2002,10:57:02","9/3/2002,17:05:53"
9,295,"4/25/2009,8:04:38","4/26/2009,10:57:22","5/1/2009,9:22:27","5/8/2009,6:15:40"
25,244,"3/27/2015,0:45:29","3/31/2015,9:34:46","4/6/2015,12:22:45","4/13/2015,19:58:26"
91,599,"2/14/2001,0:23:02","2/21/2001,11:48:48","2/28/2001,8:51:59","3/3/2001,6:34:26"
8,675,"4/26/2009,3:59:50","4/30/2009,14:20:00","5/4/2009,9:40:24","5/5/2009,18:35:17"
89,344,"2/8/2003,20:15:26","2/11/2003,10:36:16","2/17/2003,12:28:30","2/19/2003,11:28:20"
35,559,"12/28/2005,6:17:55","1/1/2006,12:10:48","1/5/2006,15:20:11","1/7/2006,8:05:48"
34,670,"10/28/2010,13:01:46","11/1/2010,15:56:35","11/6/2010,12:52:43","11/9/2010,6:36:23"
29,127,"5/2/2008,12:55:06","5/6/2008,10:00:39","5/7/2008,11:26:02","5/12/2008,17:05:29"
23,582,"2/16/2001,11:07:17","2/20/2001,12:13:57","2/24/2001,14:26:02","2/27/2001,15:37:34"
89,581,"10/19/2010,13:32:46","10/22/2010,15:54:37","10/27/2010,11:53:58","10/31/2010,14:52:11"
78,753,"12/23/2013,15:48:20","12/25/2013,11:31:46","12/31/2013,10:24:27","1/7/2014,9:38:35"
12,872,"8/6/2014,0:34:03","8/7/2014,15:47:56","8/8/2014,14:34:42","8/9/2014,17:10:48"
72,360,"7/15/2014,3:07:18","7/22/2014,10:31:32","7/27/2014,9:55:03","7/30/2014,6:02:55"
84,658,"6/29/2005,13:12:39","6/30/2005,15:54:50","7/7/2005,9:14:07","7/14/2005,16:09:36"
58,921,"6/14/2001,22:33:24","6/16/2001,15:21:12","6/17/2001,10:12:25","6/21/2001,12:40:55"
84,249,"10/22/2003,14:02:02","10/24/2003,13:15:31","10/27/2003,15:28:30","10/28/2003,10:23:11"
63,511,"3/16/2015,16:36:28","3/22/2015,8:34:37","3/26/2015,15:08:05","4/1/2015,9:37:23"
27,81,"3/5/2003,16:17:41","3/9/2003,8:00:18","3/15/2003,14:22:47","3/16/2003,10:26:20"
14,630,"3/31/2012,6:52:35","4/4/2012,15:38:13","4/10/2012,9:44:51","4/17/2012,18:48:25"
82,124,"4/18/2012,8:56:26","4/20/2012,11:11:59","4/23/2012,10:43:10","4/25/2012,11:58:32"
97,119,"7/5/2003,19:02:21","7/9/2003,12:25:19","7/12/2003,9:15:50","7/17/2003,13:22:22"
28,11,"2/17/2017,14:55:03","2/22/2017,8:07:24","2/24/2017,9:36:38","3/2/2017,8:29:52"
74,222,"2/9/2010,20:33:32","2/16/2010,13:42:32","2/19/2010,16:13:47","2/21/2010,16:33:55"
96,399,"12/26/2011,5:03:28","12/31/2011,10:11:12","1/6/2012,8:28:18","1/13/2012,10:38:13"
55,948,"4/9/2010,9:11:44","4/12/2010,8:41:33","4/14/2010,15:32:18","4/21/2010,7:09:44"
80,787,"4/7/2012,7:02:45","4/12/2012,10:40:49","4/16/2012,11:14:32","4/18/2012,15:06:04"
6,369,"3/6/2017,7:51:55","3/12/2017,11:49:56","3/15/2017,13:44:39","3/18/2017,14:05:04"
76,746,"9/29/2013,21:12:15","10/1/2013,14:24:52","10/5/2013,10:56:42","10/10/2013,14:03:44"
56,820,"4/11/2007,14:31:43","4/17/2007,10:37:52","4/24/2007,8:14:26","4/27/2007,10:27:57"
92,647,"12/22/2004,10:26:01","12/26/2004,8:00:28","12/27/2004,16:19:45","12/31/2004,13:41:38"
70,601,"8/13/2015,0:17:52","8/19/2015,13:07:56","8/26/2015,15:27:25","9/1/2015,6:23:45"
52,741,"2/14/2014,7:08:07","2/21/2014,15:27:15","2/23/2014,13:55:54","2/24/2014,11:38:48"
4,166,"7/2/2010,5:38:48","7/4/2010,13:30:00","7/9/2010,9:22:00","7/14/2010,15:27:03"
40,587,"5/2/2002,6:38:07","5/7/2002,16:50:50","5/13/2002,12:36:39","5/14/2002,15:04:57"
57,674,"4/24/2008,18:03:04","4/26/2008,9:07:44","4/29/2008,8:44:57","4/30/2008,16:43:13"
34,237,"12/14/2003,19:32:03","12/21/2003,15:12:41","12/27/2003,9:38:39","12/28/2003,6:30:29"
17,99,"12/29/2012,21:31:13","12/30/2012,11:48:15","1/4/2013,13:17:39","1/8/2013,18:57:31"
90,909,"9/3/2006,11:08:48","9/8/2006,11:28:01","9/9/2006,14:16:50","9/10/2006,19:56:15"
43,633,"3/24/2012,20:20:59","3/31/2012,8:30:25","4/1/2012,9:51:43","4/2/2012,12:45:29"
17,144,"6/27/2008,9:05:57","6/28/2008,16:03:42","7/5/2008,15:52:35","7/12/2008,16:36:07"
68,85,"6/30/2007,7:23:35","7/2/2007,10:55:39","7/6/2007,14:42:05","7/11/2007,14:37:18"
20,59,"1/31/2009,5:58:39","2/1/2009,9:22:29","2/4/2009,9:21:16","2/7/2009,17:51:25"
29,774,"4/26/2015,18:41:37","4/29/2015,9:57:30","5/3/2015,15:30:14","5/8/2015,13:13:22"
22,473,"3/11/2014,11:02:25","3/18/2014,10:03:35","3/20/2014,15:38:49","3/27/2014,9:10:53"
97,812,"4/18/2010,13:17:34","4/24/2010,13:37:36","4/29/2010,11:21:39","5/1/2010,17:30:03"
93,700,"12/25/2007,22:02:28","12/31/2007,12:10:18","1/3/2008,15:18:28","1/9/2008,8:07:00"
7,960,"5/29/2006,3:31:09","6/4/2006,13:16:55","6/8/2006,12:43:46","6/15/2006,11:53:27"
89,537,"11/9/2005,17:12:28","11/10/2005,13:06:27","11/15/2005,10:06:46","11/21/2005,7:23:18"
50,249,"9/16/2016,20:32:02","9/21/2016,8:11:45","9/26/2016,10:08:49","9/29/2016,16:52:58"
52,431,"5/12/2008,18:04:44","5/18/2008,10:27:47","5/24/2008,10:25:09","5/29/2008,13:50:11"
88,360,"7/17/2006,13:48:30","7/21/2006,14:37:58","7/27/2006,11:17:43","7/31/2006,11:25:20"
56,875,"8/7/2005,23:33:58","8/9/2005,15:59:04","8/14/2005,8:36:37","8/19/2005,6:35:22"
41,773,"9/13/2013,10:22:07","9/18/2013,10:15:49","9/22/2013,16:42:21","9/26/2013,8:01:52"
31,287,"5/21/2006,19:25:15","5/28/2006,13:56:14","5/29/2006,14:57:55","6/4/2006,17:02:33"
50,709,"5/24/2001,11:29:47","5/30/2001,8:46:59","6/4/2001,9:45:18","6/9/2001,18:42:01"
45,953,"12/29/2007,17:23:17","12/31/2007,12:34:31","1/2/2008,16:55:15","1/5/2008,16:54:20"
5,118,"12/3/2004,14:33:37","12/8/2004,11:42:29","12/10/2004,8:00:54","12/12/2004,13:01:38"
10,591,"2/12/2001,0:20:10","2/15/2001,13:30:57","2/19/2001,10:32:52","2/26/2001,19:27:17"
41,433,"11/21/2016,1:02:40","11/28/2016,12:45:20","12/1/2016,10:17:19","12/6/2016,16:04:53"
36,448,"4/24/2009,6:03:38","4/30/2009,13:28:54","5/2/2009,11:40:14","5/4/2009,14:30:55"
86,324,"9/8/2008,4:44:56","9/10/2008,13:35:31","9/14/2008,11:18:29","9/21/2008,16:48:09"
91,65,"2/17/2006,3:15:22","2/22/2006,11:42:53","2/27/2006,12:02:24","3/6/2006,11:07:08"
51,674,"2/7/2008,13:44:55","2/9/2008,14:43:04","2/11/2008,16:53:38","2/14/2008,6:44:32"
9,406,"11/29/2002,12:28:27","12/1/2002,10:58:22","12/7/2002,9:56:33","12/12/2002,11:39:00"
5,190,"9/4/2006,7:11:33","9/7/2006,15:06:39","9/12/2006,14:18:33","9/17/2006,7:55:08"
26,732,"5/1/2016,16:01:24","5/4/2016,12:03:20","5/9/2016,10:30:53","5/16/2016,19:30:41"
67,24,"3/7/2012,8:37:41","3/13/2012,12:25:46","3/18/2012,12:28:26","3/24/2012,18:08:16"
22,37,"9/3/2012,16:14:33","9/10/2012,16:59:37","9/12/2012,11:23:50","9/19/2012,8:37:57"
36,755,"2/3/2015,3:11:18","2/8/2015,9:57:25","2/11/2015,13:33:02","2/13/2015,8:49:09"
18,769,"1/12/2011,17:41:52","1/16/2011,16:29:13","1/17/2011,9:10:30","1/23/2011,8:23:13"
90,998,"7/16/2013,19:39:56","7/23/2013,9:52:26","7/30/2013,9:50:07","7/31/2013,10:00:45"
96,86,"4/6/2005,16:33:57","4/12/2005,10:14:04","4/16/2005,8:21:39","4/23/2005,19:05:28"
16,672,"9/4/2018,14:29:38","9/6/2018,13:12:00","9/13/2018,8:42:06","9/17/2018,12:12:54"
13,359,"8/21/2012,18:49:28","8/26/2012,9:39:04","8/28/2012,10:51:20","8/31/2012,13:14:04"
43,829,"1/4/2014,20:21:48","1/11/2014,8:01:54","1/17/2014,13:09:47","1/23/2014,9:09:27"
28,116,"4/17/2014,3:31:59","4/24/2014,16:08:09","4/27/2014,9:20:17","4/29/2014,9:27:53"
80,693,"9/17/2010,7:35:21","9/18/2010,15:24:54","9/19/2010,12:59:46","9/25/2010,6:11:10"
6,925,"9/27/2002,20:55:02","10/4/2002,12:12:37","10/6/2002,13:37:04","10/11/2002,6:29:09"
5,763,"2/11/2003,22:44:43","2/18/2003,12:10:42","2/19/2003,16:34:58","2/26/2003,16:20:07"
59,659,"10/23/2015,3:16:48","10/24/2015,10:39:47","10/28/2015,9:06:59","10/31/2015,10:03:44"
32,971,"12/20/2003,22:33:06","12/25/2003,10:35:37","12/28/2003,12:21:13","1/4/2004,12:45:49"
61,356,"12/6/2002,9:38:58","12/8/2002,14:22:37","12/10/2002,10:47:50","12/13/2002,19:44:47"
25,564,"6/30/2016,3:21:05","7/3/2016,11:10:37","7/5/2016,10:40:23","7/7/2016,11:16:03"
69,881,"7/25/2010,12:39:26","7/30/2010,13:05:20","8/3/2010,12:48:25","8/7/2010,8:24:26"
99,171,"9/28/2007,5:57:27","10/4/2007,15:22:38","10/7/2007,14:14:39","10/9/2007,16:00:51"
53,66,"12/24/2001,6:47:30","12/26/2001,13:03:45","12/29/2001,13:49:08","1/1/2002,19:09:41"
23,984,"4/20/2003,2:59:15","4/21/2003,12:06:25","4/28/2003,15:16:15","4/29/2003,13:04:42"
78,481,"1/2/2008,12:00:45","1/6/2008,9:32:51","1/12/2008,9:44:30","1/14/2008,10:29:44"
49,275,"1/22/2006,11:21:00","1/25/2006,12:20:39","1/26/2006,9:22:17","1/27/2006,7:08:15"
19,419,"3/30/2018,5:43:55","4/1/2018,14:04:35","4/3/2018,11:25:46","4/5/2018,14:17:31"
53,14,"10/13/2007,0:14:54","10/17/2007,11:15:43","10/23/2007,13:16:45","10/25/2007,9:14:19"
58,836,"1/2/2004,9:15:42","1/5/2004,14:07:29","1/9/2004,10:18:22","1/16/2004,7:54:21"
56,671,"6/11/2012,8:09:03","6/17/2012,13:31:39","6/18/2012,10:04:40","6/25/2012,18:44:17"
26,600,"8/8/2015,19:33:06","8/9/2015,13:40:10","8/16/2015,9:01:38","8/22/2015,18:16:54"
29,508,"12/22/2015,22:27:56","12/28/2015,13:17:11","12/30/2015,9:55:26","12/31/2015,11:12:48"
47,234,"1/8/2013,3:31:16","1/12/2013,12:46:01","1/18/2013,12:15:07","1/19/2013,19:24:18"
69,239,"12/13/2017,22:40:41","12/15/2017,10:59:40","12/21/2017,11:44:37","12/24/2017,10:55:00"
100,661,"6/14/2014,5:45:59","6/16/2014,12:22:46","6/22/2014,16:01:14","6/27/2014,19:01:56"
7,432,"12/5/2011,13:04:55","12/11/2011,12:53:22","12/16/2011,9:46:52","12/19/2011,18:04:46"
67,269,"1/24/2002,9:06:30","1/26/2002,13:29:55","1/30/2002,12:23:44","2/2/2002,16:36:26"
39,531,"2/4/2007,6:10:40","2/11/2007,13:36:15","2/14/2007,14:21:45","2/16/2007,14:04:22"
23,113,"10/23/2007,16:49:51","10/29/2007,9:48:33","11/1/2007,15:38:17","11/2/2007,10:18:39"
49,438,"2/10/2004,3:38:41","2/13/2004,15:08:28","2/20/2004,8:32:34","2/25/2004,19:08:32"
13,738,"12/30/2006,0:01:50","1/6/2007,14:46:35","1/10/2007,14:19:14","1/14/2007,13:37:14"
49,373,"5/19/2012,11:19:38","5/24/2012,10:15:56","5/29/2012,16:31:41","5/30/2012,10:32:25"
33,585,"1/17/2009,20:01:05","1/22/2009,13:28:47","1/25/2009,9:36:32","1/26/2009,8:20:40"
27,511,"12/31/2000,12:05:02","1/5/2001,8:36:58","1/11/2001,14:23:05","1/13/2001,10:58:18"
32,509,"4/15/2007,8:15:33","4/17/2007,16:25:34","4/23/2007,14:36:06","4/26/2007,11:39:20"
66,779,"3/4/2015,3:31:31","3/7/2015,11:19:23","3/10/2015,14:23:36","3/14/2015,15:58:43"
8,522,"6/11/2006,23:50:40","6/12/2006,9:08:08","6/13/2006,10:58:05","6/20/2006,8:11:57"
7,841,"8/25/2018,14:43:57","8/27/2018,14:27:26","8/31/2018,14:01:20","9/3/2018,11:05:18"
67,307,"2/29/2008,22:05:46","3/4/2008,9:45:50","3/6/2008,14:40:57","3/7/2008,13:05:40"
98,303,"7/7/2012,20:31:04","7/14/2012,15:50:34","7/15/2012,12:42:54","7/22/2012,7:26:15"
24,83,"11/12/2015,5:33:06","11/13/2015,8:50:26","11/18/2015,9:23:13","11/24/2015,17:58:00"
50,743,"12/12/2006,10:48:28","12/14/2006,10:39:41","12/17/2006,10:56:59","12/21/2006,15:14:53"
100,923,"10/4/2010,15:22:40","10/6/2010,8:43:43","10/11/2010,12:15:35","10/17/2010,16:40:20"
22,513,"12/2/2007,22:16:09","12/9/2007,10:00:56","12/10/2007,15:08:48","12/15/2007,10:16:07"
24,355,"5/2/2015,23:27:08","5/4/2015,8:33:21","5/7/2015,15:19:51","5/14/2015,18:57:48"
88,631,"11/2/2013,8:29:38","11/6/2013,16:21:52","11/13/2013,16:20:37","11/15/2013,6:35:39"
75,188,"5/1/2015,6:48:10","5/8/2015,11:19:05","5/15/2015,12:32:23","5/16/2015,15:03:35"
43,558,"12/22/2000,23:31:48","12/24/2000,12:20:44","12/28/2000,12:55:28","1/1/2001,14:23:14"
20,504,"1/28/2017,15:02:49","1/29/2017,16:56:50","2/2/2017,8:00:24","2/9/2017,18:08:36"
5,244,"11/30/2008,19:53:31","12/6/2008,9:23:22","12/8/2008,14:13:02","12/9/2008,6:55:56"
100,133,"6/21/2018,12:48:36","6/28/2018,11:56:53","7/5/2018,15:20:08","7/6/2018,19:23:05"
68,55,"9/25/2001,18:26:00","10/1/2001,14:06:00","10/5/2001,15:40:59","10/7/2001,14:31:35"
48,238,"5/26/2010,22:00:22","6/1/2010,9:46:28","6/8/2010,9:23:21","6/10/2010,15:59:41"
91,503,"6/12/2016,19:58:41","6/16/2016,16:03:55","6/23/2016,9:02:09","6/29/2016,10:54:26"
24,537,"3/15/2003,23:13:21","3/20/2003,13:22:49","3/23/2003,16:46:09","3/24/2003,12:48:22"
90,729,"6/25/2015,15:45:17","6/29/2015,13:28:32","7/5/2015,11:30:11","7/9/2015,8:19:07"
49,1000,"8/5/2006,15:07:19","8/6/2006,8:36:12","8/12/2006,15:45:43","8/18/2006,13:16:42"
93,983,"9/3/2014,10:23:54","9/8/2014,9:43:48","9/11/2014,12:51:22","9/17/2014,8:47:46"
85,101,"4/6/2001,21:18:40","4/12/2001,16:23:51","4/14/2001,14:09:27","4/16/2001,16:32:00"
86,791,"8/8/2013,18:16:08","8/12/2013,10:28:08","8/16/2013,15:49:28","8/19/2013,10:20:37"
99,96,"5/3/2015,6:12:41","5/8/2015,10:00:20","5/12/2015,14:31:26","5/16/2015,14:44:05"
69,397,"2/26/2015,19:10:02","3/1/2015,12:07:08","3/3/2015,15:10:12","3/8/2015,18:45:09"
67,505,"1/31/2007,4:10:29","2/5/2007,12:49:32","2/11/2007,13:35:07","2/17/2007,6:30:53"
57,943,"9/16/2014,8:17:57","9/21/2014,10:27:39","9/22/2014,13:01:55","9/25/2014,8:55:42"
86,128,"1/7/2010,19:09:26","1/12/2010,16:18:36","1/16/2010,9:25:54","1/18/2010,8:37:42"
89,214,"9/2/2018,15:25:07","9/4/2018,10:08:20","9/11/2018,9:04:58","9/16/2018,7:04:49"
54,948,"6/29/2005,3:13:48","7/5/2005,16:23:10","7/6/2005,12:45:42","7/13/2005,19:16:17"
16,179,"7/27/2004,22:05:55","8/2/2004,11:20:00","8/8/2004,9:36:01","8/14/2004,6:53:21"
44,652,"9/6/2012,3:21:04","9/7/2012,10:18:46","9/12/2012,10:08:25","9/15/2012,11:45:29"
45,537,"3/23/2016,12:06:46","3/27/2016,13:09:03","3/28/2016,8:26:31","3/30/2016,9:01:28"
89,627,"3/6/2010,3:39:43","3/11/2010,13:39:44","3/18/2010,9:06:41","3/20/2010,19:24:19"
78,586,"3/1/2014,10:42:49","3/5/2014,15:11:01","3/11/2014,12:02:10","3/15/2014,19:40:56"
85,679,"7/13/2014,16:20:00","7/18/2014,11:05:25","7/23/2014,13:37:56","7/28/2014,13:08:03"
38,976,"4/20/2010,12:45:53","4/22/2010,16:31:08","4/29/2010,11:10:31","5/3/2010,18:59:53"
43,276,"1/25/2010,14:52:39","1/27/2010,9:57:13","2/3/2010,11:41:05","2/5/2010,14:10:37"
84,606,"2/26/2001,12:27:56","3/4/2001,11:35:32","3/8/2001,10:41:46","3/11/2001,11:33:49"
58,955,"9/27/2013,5:09:12","10/3/2013,9:51:26","10/9/2013,9:12:42","10/11/2013,14:41:25"
91,69,"4/9/2009,10:13:28","4/13/2009,16:06:29","4/20/2009,9:16:33","4/26/2009,12:43:25"
20,167,"3/26/2003,7:15:34","3/30/2003,9:14:09","4/2/2003,12:18:00","4/7/2003,12:23:46"
61,85,"3/19/2014,16:31:47","3/21/2014,9:04:59","3/24/2014,12:21:19","3/31/2014,6:31:15"
24,238,"2/6/2016,18:50:02","2/7/2016,10:43:15","2/9/2016,8:18:08","2/11/2016,17:22:47"
64,845,"12/8/2005,14:38:33","12/11/2005,15:27:20","12/18/2005,15:34:59","12/22/2005,16:27:43"
34,699,"7/12/2002,20:05:44","7/19/2002,15:28:44","7/21/2002,11:45:55","7/22/2002,17:37:38"
91,297,"9/16/2018,22:19:07","9/18/2018,9:37:44","9/20/2018,11:53:51","9/26/2018,7:12:49"
47,290,"3/31/2005,1:00:50","4/7/2005,14:49:21","4/8/2005,10:10:05","4/11/2005,8:24:47"
81,35,"9/22/2016,14:52:42","9/29/2016,14:19:09","10/6/2016,8:51:40","10/8/2016,12:27:00"
64,921,"12/31/2012,4:02:21","1/6/2013,15:18:04","1/9/2013,14:56:07","1/11/2013,17:19:46"
64,663,"5/19/2006,11:39:56","5/21/2006,8:44:24","5/28/2006,10:22:06","5/29/2006,11:12:17"
15,409,"5/8/2006,10:07:51","5/10/2006,14:01:52","5/11/2006,11:04:23","5/15/2006,10:45:52"
39,706,"5/16/2008,5:45:40","5/22/2008,9:58:58","5/26/2008,9:09:17","5/28/2008,17:52:11"
42,936,"7/23/2005,21:12:01","7/25/2005,15:31:33","7/27/2005,13:59:48","7/29/2005,16:27:25"
81,344,"1/16/2014,16:41:08","1/18/2014,13:16:38","1/25/2014,8:35:02","1/27/2014,14:10:36"
47,600,"5/1/2015,1:15:04","5/8/2015,9:18:36","5/13/2015,8:21:27","5/17/2015,12:43:09"
94,464,"10/8/2018,19:38:28","10/14/2018,11:09:04","10/20/2018,13:30:59","10/21/2018,12:43:47"
58,867,"7/22/2001,4:32:25","7/29/2001,12:06:18","7/30/2001,11:57:35","8/3/2001,18:22:42"
44,456,"2/2/2007,14:05:15","2/8/2007,14:15:53","2/11/2007,13:07:54","2/14/2007,16:55:29"
8,4,"10/1/2001,2:19:24","10/7/2001,9:47:05","10/12/2001,9:37:21","10/18/2001,17:45:41"
52,836,"5/8/2010,15:59:52","5/11/2010,15:49:26","5/12/2010,16:00:15","5/14/2010,18:50:55"
47,365,"12/15/2007,21:24:26","12/22/2007,15:08:11","12/27/2007,16:14:45","12/31/2007,13:06:18"
20,122,"1/11/2009,11:09:22","1/14/2009,14:17:56","1/19/2009,9:17:29","1/21/2009,10:31:47"
83,823,"1/28/2011,21:43:27","2/1/2011,15:06:48","2/6/2011,9:40:24","2/9/2011,12:01:42"
94,845,"5/6/2004,12:40:18","5/8/2004,9:42:56","5/10/2004,8:19:51","5/11/2004,13:19:14"
95,160,"3/25/2016,18:50:16","3/26/2016,16:20:13","3/29/2016,11:28:32","4/4/2016,17:10:44"
95,140,"10/12/2001,22:57:54","10/18/2001,13:37:40","10/24/2001,10:33:32","10/31/2001,13:14:55"
61,624,"2/1/2018,17:25:48","2/5/2018,11:02:32","2/8/2018,11:12:56","2/10/2018,12:00:53"
7,965,"3/29/2004,7:15:53","4/2/2004,14:58:46","4/8/2004,8:09:58","4/12/2004,19:15:35"
38,13,"9/28/2007,13:21:27","10/4/2007,15:46:00","10/5/2007,10:23:46","10/10/2007,18:17:23"
35,486,"2/22/2003,5:04:44","2/25/2003,9:47:27","3/2/2003,16:44:45","3/5/2003,15:52:44"
42,502,"10/1/2015,17:30:03","10/3/2015,10:21:12","10/5/2015,16:07:40","10/6/2015,16:02:18"
12,351,"6/8/2008,15:23:31","6/9/2008,9:21:44","6/10/2008,10:39:20","6/16/2008,13:42:52"
15,842,"11/14/2018,19:12:10","11/18/2018,13:47:14","11/22/2018,9:55:52","11/25/2018,19:53:09"
70,869,"10/12/2011,6:32:13","10/18/2011,14:58:48","10/22/2011,8:18:37","10/27/2011,6:29:35"
29,448,"12/3/2005,17:47:07","12/7/2005,10:19:04","12/12/2005,10:48:17","12/19/2005,15:14:52"
65,63,"6/16/2014,18:31:30","6/17/2014,15:08:08","6/24/2014,14:58:52","6/28/2014,10:45:58"
73,576,"5/9/2017,14:38:32","5/16/2017,10:24:42","5/22/2017,14:56:53","5/29/2017,8:50:49"
83,266,"9/4/2005,16:05:33","9/5/2005,11:31:22","9/12/2005,9:27:54","9/14/2005,18:16:21"
13,13,"10/18/2010,14:05:50","10/25/2010,13:35:18","10/29/2010,15:08:25","11/1/2010,11:29:18"
72,75,"8/5/2006,5:03:12","8/10/2006,10:23:49","8/14/2006,12:59:20","8/15/2006,13:05:31"
11,246,"10/14/2003,10:02:12","10/15/2003,11:25:12","10/17/2003,15:42:53","10/19/2003,18:53:29"
24,123,"9/4/2003,5:18:52","9/9/2003,10:57:22","9/11/2003,12:33:56","9/12/2003,6:26:32"
15,615,"9/12/2013,2:03:10","9/16/2013,13:58:00","9/17/2013,9:50:43","9/20/2013,7:58:08"
21,663,"10/19/2001,6:36:41","10/22/2001,12:24:32","10/25/2001,11:34:29","10/30/2001,7:12:04"
24,723,"1/3/2002,19:21:14","1/6/2002,12:51:08","1/10/2002,16:18:36","1/13/2002,11:45:47"
20,429,"4/2/2001,1:45:25","4/3/2001,10:09:14","4/7/2001,10:09:44","4/12/2001,14:48:56"
28,66,"7/16/2011,11:14:37","7/17/2011,9:27:16","7/20/2011,15:03:01","7/23/2011,12:44:12"
63,87,"12/6/2002,9:04:14","12/9/2002,14:14:04","12/11/2002,10:13:54","12/17/2002,13:06:33"
58,150,"6/7/2006,22:13:27","6/13/2006,8:01:51","6/20/2006,13:50:50","6/22/2006,10:51:02"
4,726,"2/14/2007,0:48:39","2/20/2007,11:35:29","2/23/2007,8:40:08","2/27/2007,10:10:27"
92,328,"12/24/2007,11:15:49","12/25/2007,14:30:15","12/28/2007,15:38:37","12/30/2007,18:10:42"
8,858,"7/12/2013,19:01:27","7/18/2013,9:29:01","7/20/2013,8:15:42","7/26/2013,6:19:26"
38,493,"12/20/2003,19:58:13","12/22/2003,12:27:43","12/25/2003,9:14:56","12/28/2003,15:59:56"
83,257,"11/12/2005,3:14:03","11/19/2005,14:56:22","11/25/2005,8:57:57","12/2/2005,7:36:54"
97,851,"8/3/2012,11:10:10","8/4/2012,11:09:21","8/5/2012,12:57:09","8/8/2012,10:47:53"
36,774,"7/6/2007,1:15:29","7/7/2007,16:07:21","7/10/2007,9:48:12","7/17/2007,14:40:41"
39,992,"7/18/2010,9:56:52","7/19/2010,16:44:23","7/24/2010,8:30:39","7/28/2010,9:06:48"
